run_id,writer_pid,family_id,config_id,month,signal_time,fill_created,rejection_reason,engine_instance_id,status
aeb2f02d,12080,F06,F06_RERUN_0001,2022-05,2022-05-02T06:35:00,False,BLOCKED_BY_SCHEDULE,aeb2f02d_F06_RERUN_0001_2022-05,REJECTED
aeb2f02d,12080,F06,F06_RERUN_0001,2022-05,2022-05-02T06:40:00,False,BLOCKED_BY_SCHEDULE,aeb2f02d_F06_RERUN_0001_2022-05,REJECTED
aeb2f02d,12080,F06,F06_RERUN_0001,2022-05,2022-05-02T06:45:00,False,BLOCKED_BY_SCHEDULE,aeb2f02d_F06_RERUN_0001_2022-05,REJECTED
aeb2f02d,12080,F06,F06_RERUN_0001,2022-05,2022-05-02T06:50:00,False,BLOCKED_BY_SCHEDULE,aeb2f02d_F06_RERUN_0001_2022-05,REJECTED
aeb2f02d,12080,F06,F06_RERUN_0001,2022-05,2022-05-02T06:55:00,False,BLOCKED_BY_SCHEDULE,aeb2f02d_F06_RERUN_0001_2022-05,REJECTED
aeb2f02d,12080,F06,F06_RERUN_0001,2022-05,2022-05-02T19:15:00,True,SIGNAL,aeb2f02d_F06_RERUN_0001_2022-05,ACCEPTED
aeb2f02d,12080,F06,F06_RERUN_0001,2022-05,2022-05-02T19:20:00,True,SIGNAL,aeb2f02d_F06_RERUN_0001_2022-05,ACCEPTED
aeb2f02d,12080,F06,F06_RERUN_0001,2022-05,2022-05-02T19:30:00,True,SIGNAL,aeb2f02d_F06_RERUN_0001_2022-05,ACCEPTED
aeb2f02d,12080,F06,F06_RERUN_0001,2022-05,2022-05-02T22:10:00,False,BLOCKED_BY_SCHEDULE,aeb2f02d_F06_RERUN_0001_2022-05,REJECTED
aeb2f02d,12080,F06,F06_RERUN_0001,2022-05,2022-05-02T22:25:00,False,BLOCKED_BY_SCHEDULE,aeb2f02d_F06_RERUN_0001_2022-05,REJECTED
aeb2f02d,12080,F06,F06_RERUN_0001,2022-05,2022-05-03T00:05:00,False,BLOCKED_BY_SCHEDULE,aeb2f02d_F06_RERUN_0001_2022-05,REJECTED
aeb2f02d,12080,F06,F06_RERUN_0001,2022-05,2022-05-03T00:30:00,False,BLOCKED_BY_SCHEDULE,aeb2f02d_F06_RERUN_0001_2022-05,REJECTED
aeb2f02d,12080,F06,F06_RERUN_0001,2022-05,2022-05-03T00:35:00,False,BLOCKED_BY_SCHEDULE,aeb2f02d_F06_RERUN_0001_2022-05,REJECTED
aeb2f02d,12080,F06,F06_RERUN_0001,2022-05,2022-05-03T00:45:00,False,BLOCKED_BY_SCHEDULE,aeb2f02d_F06_RERUN_0001_2022-05,REJECTED
aeb2f02d,12080,F06,F06_RERUN_0001,2022-05,2022-05-03T00:55:00,False,BLOCKED_BY_SCHEDULE,aeb2f02d_F06_RERUN_0001_2022-05,REJECTED
aeb2f02d,12080,F06,F06_RERUN_0001,2022-05,2022-05-03T04:30:00,False,BLOCKED_BY_SCHEDULE,aeb2f02d_F06_RERUN_0001_2022-05,REJECTED
aeb2f02d,12080,F06,F06_RERUN_0001,2022-05,2022-05-03T07:20:00,False,BLOCKED_BY_SCHEDULE,aeb2f02d_F06_RERUN_0001_2022-05,REJECTED
aeb2f02d,12080,F06,F06_RERUN_0001,2022-05,2022-05-03T07:25:00,False,BLOCKED_BY_SCHEDULE,aeb2f02d_F06_RERUN_0001_2022-05,REJECTED
aeb2f02d,12080,F06,F06_RERUN_0001,2022-05,2022-05-03T07:30:00,False,BLOCKED_BY_SCHEDULE,aeb2f02d_F06_RERUN_0001_2022-05,REJECTED
aeb2f02d,12080,F06,F06_RERUN_0001,2022-05,2022-05-03T07:35:00,False,BLOCKED_BY_SCHEDULE,aeb2f02d_F06_RERUN_0001_2022-05,REJECTED
aeb2f02d,12080,F06,F06_RERUN_0001,2022-05,2022-05-03T10:15:00,False,BLOCKED_BY_SCHEDULE,aeb2f02d_F06_RERUN_0001_2022-05,REJECTED
aeb2f02d,12080,F06,F06_RERUN_0001,2022-05,2022-05-03T11:50:00,True,SIGNAL,aeb2f02d_F06_RERUN_0001_2022-05,ACCEPTED
aeb2f02d,12080,F06,F06_RERUN_0001,2022-05,2022-05-03T12:00:00,True,SIGNAL,aeb2f02d_F06_RERUN_0001_2022-05,ACCEPTED
aeb2f02d,12080,F06,F06_RERUN_0001,2022-05,2022-05-03T12:10:00,True,SIGNAL,aeb2f02d_F06_RERUN_0001_2022-05,ACCEPTED
aeb2f02d,12080,F06,F06_RERUN_0001,2022-05,2022-05-03T22:00:00,False,BLOCKED_BY_SCHEDULE,aeb2f02d_F06_RERUN_0001_2022-05,REJECTED
aeb2f02d,12080,F06,F06_RERUN_0001,2022-05,2022-05-03T22:10:00,False,BLOCKED_BY_SCHEDULE,aeb2f02d_F06_RERUN_0001_2022-05,REJECTED
aeb2f02d,12080,F06,F06_RERUN_0001,2022-05,2022-05-04T00:00:00,False,BLOCKED_BY_SCHEDULE,aeb2f02d_F06_RERUN_0001_2022-05,REJECTED
aeb2f02d,12080,F06,F06_RERUN_0001,2022-05,2022-05-04T01:40:00,False,BLOCKED_BY_SCHEDULE,aeb2f02d_F06_RERUN_0001_2022-05,REJECTED
aeb2f02d,12080,F06,F06_RERUN_0001,2022-05,2022-05-04T01:45:00,False,BLOCKED_BY_SCHEDULE,aeb2f02d_F06_RERUN_0001_2022-05,REJECTED
aeb2f02d,12080,F06,F06_RERUN_0001,2022-05,2022-05-04T06:15:00,False,BLOCKED_BY_SCHEDULE,aeb2f02d_F06_RERUN_0001_2022-05,REJECTED
aeb2f02d,12080,F06,F06_RERUN_0001,2022-05,2022-05-04T07:00:00,False,BLOCKED_BY_SCHEDULE,aeb2f02d_F06_RERUN_0001_2022-05,REJECTED
aeb2f02d,12080,F06,F06_RERUN_0001,2022-05,2022-05-04T11:25:00,True,SIGNAL,aeb2f02d_F06_RERUN_0001_2022-05,ACCEPTED
aeb2f02d,12080,F06,F06_RERUN_0001,2022-05,2022-05-04T12:25:00,True,SIGNAL,aeb2f02d_F06_RERUN_0001_2022-05,ACCEPTED
aeb2f02d,12080,F06,F06_RERUN_0001,2022-05,2022-05-04T12:35:00,True,SIGNAL,aeb2f02d_F06_RERUN_0001_2022-05,ACCEPTED
aeb2f02d,12080,F06,F06_RERUN_0001,2022-05,2022-05-04T12:40:00,False,BLOCKED_BY_THROTTLER,aeb2f02d_F06_RERUN_0001_2022-05,REJECTED
aeb2f02d,12080,F06,F06_RERUN_0001,2022-05,2022-05-04T12:50:00,False,BLOCKED_BY_THROTTLER,aeb2f02d_F06_RERUN_0001_2022-05,REJECTED
aeb2f02d,12080,F06,F06_RERUN_0001,2022-05,2022-05-04T15:20:00,False,BLOCKED_BY_THROTTLER,aeb2f02d_F06_RERUN_0001_2022-05,REJECTED
aeb2f02d,12080,F06,F06_RERUN_0001,2022-05,2022-05-04T18:00:00,False,BLOCKED_BY_THROTTLER,aeb2f02d_F06_RERUN_0001_2022-05,REJECTED
aeb2f02d,12080,F06,F06_RERUN_0001,2022-05,2022-05-04T18:40:00,False,BLOCKED_BY_THROTTLER,aeb2f02d_F06_RERUN_0001_2022-05,REJECTED
aeb2f02d,12080,F06,F06_RERUN_0001,2022-05,2022-05-04T18:50:00,False,BLOCKED_BY_THROTTLER,aeb2f02d_F06_RERUN_0001_2022-05,REJECTED
aeb2f02d,12080,F06,F06_RERUN_0001,2022-05,2022-05-04T23:50:00,False,BLOCKED_BY_SCHEDULE,aeb2f02d_F06_RERUN_0001_2022-05,REJECTED
aeb2f02d,12080,F06,F06_RERUN_0001,2022-05,2022-05-05T00:00:00,False,BLOCKED_BY_SCHEDULE,aeb2f02d_F06_RERUN_0001_2022-05,REJECTED
aeb2f02d,12080,F06,F06_RERUN_0001,2022-05,2022-05-05T01:25:00,False,BLOCKED_BY_SCHEDULE,aeb2f02d_F06_RERUN_0001_2022-05,REJECTED
aeb2f02d,12080,F06,F06_RERUN_0001,2022-05,2022-05-05T01:30:00,False,BLOCKED_BY_SCHEDULE,aeb2f02d_F06_RERUN_0001_2022-05,REJECTED
aeb2f02d,12080,F06,F06_RERUN_0001,2022-05,2022-05-05T17:00:00,True,SIGNAL,aeb2f02d_F06_RERUN_0001_2022-05,ACCEPTED
aeb2f02d,12080,F06,F06_RERUN_0001,2022-05,2022-05-05T18:50:00,True,SIGNAL,aeb2f02d_F06_RERUN_0001_2022-05,ACCEPTED
aeb2f02d,12080,F06,F06_RERUN_0001,2022-05,2022-05-05T19:00:00,True,SIGNAL,aeb2f02d_F06_RERUN_0001_2022-05,ACCEPTED
aeb2f02d,12080,F06,F06_RERUN_0001,2022-05,2022-05-05T19:05:00,False,BLOCKED_BY_THROTTLER,aeb2f02d_F06_RERUN_0001_2022-05,REJECTED
aeb2f02d,12080,F06,F06_RERUN_0001,2022-05,2022-05-05T19:15:00,False,BLOCKED_BY_THROTTLER,aeb2f02d_F06_RERUN_0001_2022-05,REJECTED
aeb2f02d,12080,F06,F06_RERUN_0001,2022-05,2022-05-05T19:30:00,False,BLOCKED_BY_THROTTLER,aeb2f02d_F06_RERUN_0001_2022-05,REJECTED
aeb2f02d,12080,F06,F06_RERUN_0001,2022-05,2022-05-05T19:35:00,False,BLOCKED_BY_THROTTLER,aeb2f02d_F06_RERUN_0001_2022-05,REJECTED
aeb2f02d,12080,F06,F06_RERUN_0001,2022-05,2022-05-05T22:10:00,False,BLOCKED_BY_SCHEDULE,aeb2f02d_F06_RERUN_0001_2022-05,REJECTED
aeb2f02d,12080,F06,F06_RERUN_0001,2022-05,2022-05-05T22:30:00,False,BLOCKED_BY_SCHEDULE,aeb2f02d_F06_RERUN_0001_2022-05,REJECTED
aeb2f02d,12080,F06,F06_RERUN_0001,2022-05,2022-05-05T22:55:00,False,BLOCKED_BY_SCHEDULE,aeb2f02d_F06_RERUN_0001_2022-05,REJECTED
aeb2f02d,12080,F06,F06_RERUN_0001,2022-05,2022-05-06T03:10:00,False,BLOCKED_BY_SCHEDULE,aeb2f02d_F06_RERUN_0001_2022-05,REJECTED
aeb2f02d,12080,F06,F06_RERUN_0001,2022-05,2022-05-06T03:20:00,False,BLOCKED_BY_SCHEDULE,aeb2f02d_F06_RERUN_0001_2022-05,REJECTED
aeb2f02d,12080,F06,F06_RERUN_0001,2022-05,2022-05-06T07:50:00,False,BLOCKED_BY_SCHEDULE,aeb2f02d_F06_RERUN_0001_2022-05,REJECTED
aeb2f02d,12080,F06,F06_RERUN_0001,2022-05,2022-05-06T08:00:00,False,BLOCKED_BY_SCHEDULE,aeb2f02d_F06_RERUN_0001_2022-05,REJECTED
aeb2f02d,12080,F06,F06_RERUN_0001,2022-05,2022-05-06T08:05:00,False,BLOCKED_BY_SCHEDULE,aeb2f02d_F06_RERUN_0001_2022-05,REJECTED
aeb2f02d,12080,F06,F06_RERUN_0001,2022-05,2022-05-06T08:30:00,False,BLOCKED_BY_SCHEDULE,aeb2f02d_F06_RERUN_0001_2022-05,REJECTED
aeb2f02d,12080,F06,F06_RERUN_0001,2022-05,2022-05-06T10:25:00,False,BLOCKED_BY_SCHEDULE,aeb2f02d_F06_RERUN_0001_2022-05,REJECTED
aeb2f02d,12080,F06,F06_RERUN_0001,2022-05,2022-05-06T13:50:00,True,SIGNAL,aeb2f02d_F06_RERUN_0001_2022-05,ACCEPTED
aeb2f02d,12080,F06,F06_RERUN_0001,2022-05,2022-05-09T04:25:00,False,BLOCKED_BY_SCHEDULE,aeb2f02d_F06_RERUN_0001_2022-05,REJECTED
aeb2f02d,12080,F06,F06_RERUN_0001,2022-05,2022-05-09T07:10:00,False,BLOCKED_BY_SCHEDULE,aeb2f02d_F06_RERUN_0001_2022-05,REJECTED
aeb2f02d,12080,F06,F06_RERUN_0001,2022-05,2022-05-09T07:30:00,False,BLOCKED_BY_SCHEDULE,aeb2f02d_F06_RERUN_0001_2022-05,REJECTED
aeb2f02d,12080,F06,F06_RERUN_0001,2022-05,2022-05-09T07:35:00,False,BLOCKED_BY_SCHEDULE,aeb2f02d_F06_RERUN_0001_2022-05,REJECTED
aeb2f02d,12080,F06,F06_RERUN_0001,2022-05,2022-05-09T09:45:00,False,BLOCKED_BY_SCHEDULE,aeb2f02d_F06_RERUN_0001_2022-05,REJECTED
aeb2f02d,12080,F06,F06_RERUN_0001,2022-05,2022-05-09T09:55:00,False,BLOCKED_BY_SCHEDULE,aeb2f02d_F06_RERUN_0001_2022-05,REJECTED
aeb2f02d,12080,F06,F06_RERUN_0001,2022-05,2022-05-09T10:00:00,False,BLOCKED_BY_SCHEDULE,aeb2f02d_F06_RERUN_0001_2022-05,REJECTED
aeb2f02d,12080,F06,F06_RERUN_0001,2022-05,2022-05-09T10:05:00,False,BLOCKED_BY_SCHEDULE,aeb2f02d_F06_RERUN_0001_2022-05,REJECTED
aeb2f02d,12080,F06,F06_RERUN_0001,2022-05,2022-05-09T10:10:00,False,BLOCKED_BY_SCHEDULE,aeb2f02d_F06_RERUN_0001_2022-05,REJECTED
aeb2f02d,12080,F06,F06_RERUN_0001,2022-05,2022-05-09T12:00:00,True,SIGNAL,aeb2f02d_F06_RERUN_0001_2022-05,ACCEPTED
aeb2f02d,12080,F06,F06_RERUN_0001,2022-05,2022-05-09T12:05:00,True,SIGNAL,aeb2f02d_F06_RERUN_0001_2022-05,ACCEPTED
aeb2f02d,12080,F06,F06_RERUN_0001,2022-05,2022-05-09T12:20:00,True,SIGNAL,aeb2f02d_F06_RERUN_0001_2022-05,ACCEPTED
aeb2f02d,12080,F06,F06_RERUN_0001,2022-05,2022-05-09T12:30:00,False,BLOCKED_BY_THROTTLER,aeb2f02d_F06_RERUN_0001_2022-05,REJECTED
aeb2f02d,12080,F06,F06_RERUN_0001,2022-05,2022-05-09T15:35:00,False,BLOCKED_BY_THROTTLER,aeb2f02d_F06_RERUN_0001_2022-05,REJECTED
aeb2f02d,12080,F06,F06_RERUN_0001,2022-05,2022-05-09T15:45:00,False,BLOCKED_BY_THROTTLER,aeb2f02d_F06_RERUN_0001_2022-05,REJECTED
aeb2f02d,12080,F06,F06_RERUN_0001,2022-05,2022-05-09T15:50:00,False,BLOCKED_BY_THROTTLER,aeb2f02d_F06_RERUN_0001_2022-05,REJECTED
aeb2f02d,12080,F06,F06_RERUN_0001,2022-05,2022-05-09T16:10:00,False,BLOCKED_BY_THROTTLER,aeb2f02d_F06_RERUN_0001_2022-05,REJECTED
aeb2f02d,12080,F06,F06_RERUN_0001,2022-05,2022-05-09T16:20:00,False,BLOCKED_BY_THROTTLER,aeb2f02d_F06_RERUN_0001_2022-05,REJECTED
aeb2f02d,12080,F06,F06_RERUN_0001,2022-05,2022-05-09T19:05:00,False,BLOCKED_BY_THROTTLER,aeb2f02d_F06_RERUN_0001_2022-05,REJECTED
aeb2f02d,12080,F06,F06_RERUN_0001,2022-05,2022-05-09T19:10:00,False,BLOCKED_BY_THROTTLER,aeb2f02d_F06_RERUN_0001_2022-05,REJECTED
aeb2f02d,12080,F06,F06_RERUN_0001,2022-05,2022-05-09T23:00:00,False,BLOCKED_BY_SCHEDULE,aeb2f02d_F06_RERUN_0001_2022-05,REJECTED
aeb2f02d,12080,F06,F06_RERUN_0001,2022-05,2022-05-09T23:30:00,False,BLOCKED_BY_SCHEDULE,aeb2f02d_F06_RERUN_0001_2022-05,REJECTED
aeb2f02d,12080,F06,F06_RERUN_0001,2022-05,2022-05-09T23:35:00,False,BLOCKED_BY_SCHEDULE,aeb2f02d_F06_RERUN_0001_2022-05,REJECTED
aeb2f02d,12080,F06,F06_RERUN_0001,2022-05,2022-05-09T23:40:00,False,BLOCKED_BY_SCHEDULE,aeb2f02d_F06_RERUN_0001_2022-05,REJECTED
aeb2f02d,12080,F06,F06_RERUN_0001,2022-05,2022-05-10T02:10:00,False,BLOCKED_BY_SCHEDULE,aeb2f02d_F06_RERUN_0001_2022-05,REJECTED
aeb2f02d,12080,F06,F06_RERUN_0001,2022-05,2022-05-10T02:15:00,False,BLOCKED_BY_SCHEDULE,aeb2f02d_F06_RERUN_0001_2022-05,REJECTED
aeb2f02d,12080,F06,F06_RERUN_0001,2022-05,2022-05-10T02:25:00,False,BLOCKED_BY_SCHEDULE,aeb2f02d_F06_RERUN_0001_2022-05,REJECTED
aeb2f02d,12080,F06,F06_RERUN_0001,2022-05,2022-05-10T03:55:00,False,BLOCKED_BY_SCHEDULE,aeb2f02d_F06_RERUN_0001_2022-05,REJECTED
aeb2f02d,12080,F06,F06_RERUN_0001,2022-05,2022-05-10T05:40:00,False,BLOCKED_BY_SCHEDULE,aeb2f02d_F06_RERUN_0001_2022-05,REJECTED
aeb2f02d,12080,F06,F06_RERUN_0001,2022-05,2022-05-10T05:45:00,False,BLOCKED_BY_SCHEDULE,aeb2f02d_F06_RERUN_0001_2022-05,REJECTED
aeb2f02d,12080,F06,F06_RERUN_0001,2022-05,2022-05-10T11:30:00,True,SIGNAL,aeb2f02d_F06_RERUN_0001_2022-05,ACCEPTED
aeb2f02d,12080,F06,F06_RERUN_0001,2022-05,2022-05-10T13:05:00,True,SIGNAL,aeb2f02d_F06_RERUN_0001_2022-05,ACCEPTED
aeb2f02d,12080,F06,F06_RERUN_0001,2022-05,2022-05-10T22:10:00,False,BLOCKED_BY_SCHEDULE,aeb2f02d_F06_RERUN_0001_2022-05,REJECTED
aeb2f02d,12080,F06,F06_RERUN_0001,2022-05,2022-05-10T22:15:00,False,BLOCKED_BY_SCHEDULE,aeb2f02d_F06_RERUN_0001_2022-05,REJECTED
aeb2f02d,12080,F06,F06_RERUN_0001,2022-05,2022-05-10T22:20:00,False,BLOCKED_BY_SCHEDULE,aeb2f02d_F06_RERUN_0001_2022-05,REJECTED
aeb2f02d,12080,F06,F06_RERUN_0001,2022-05,2022-05-10T22:25:00,False,BLOCKED_BY_SCHEDULE,aeb2f02d_F06_RERUN_0001_2022-05,REJECTED
aeb2f02d,12080,F06,F06_RERUN_0001,2022-05,2022-05-10T22:35:00,False,BLOCKED_BY_SCHEDULE,aeb2f02d_F06_RERUN_0001_2022-05,REJECTED
aeb2f02d,12080,F06,F06_RERUN_0001,2022-05,2022-05-11T00:30:00,False,BLOCKED_BY_SCHEDULE,aeb2f02d_F06_RERUN_0001_2022-05,REJECTED
aeb2f02d,12080,F06,F06_RERUN_0001,2022-05,2022-05-11T04:35:00,False,BLOCKED_BY_SCHEDULE,aeb2f02d_F06_RERUN_0001_2022-05,REJECTED
aeb2f02d,12080,F06,F06_RERUN_0001,2022-05,2022-05-11T04:40:00,False,BLOCKED_BY_SCHEDULE,aeb2f02d_F06_RERUN_0001_2022-05,REJECTED
aeb2f02d,12080,F06,F06_RERUN_0001,2022-05,2022-05-11T04:45:00,False,BLOCKED_BY_SCHEDULE,aeb2f02d_F06_RERUN_0001_2022-05,REJECTED
aeb2f02d,12080,F06,F06_RERUN_0001,2022-05,2022-05-11T05:30:00,False,BLOCKED_BY_SCHEDULE,aeb2f02d_F06_RERUN_0001_2022-05,REJECTED
aeb2f02d,12080,F06,F06_RERUN_0001,2022-05,2022-05-11T07:10:00,False,BLOCKED_BY_SCHEDULE,aeb2f02d_F06_RERUN_0001_2022-05,REJECTED
aeb2f02d,12080,F06,F06_RERUN_0001,2022-05,2022-05-11T08:40:00,False,BLOCKED_BY_SCHEDULE,aeb2f02d_F06_RERUN_0001_2022-05,REJECTED
aeb2f02d,12080,F06,F06_RERUN_0001,2022-05,2022-05-11T08:45:00,False,BLOCKED_BY_SCHEDULE,aeb2f02d_F06_RERUN_0001_2022-05,REJECTED
aeb2f02d,12080,F06,F06_RERUN_0001,2022-05,2022-05-11T09:05:00,False,BLOCKED_BY_SCHEDULE,aeb2f02d_F06_RERUN_0001_2022-05,REJECTED
aeb2f02d,12080,F06,F06_RERUN_0001,2022-05,2022-05-11T22:35:00,False,BLOCKED_BY_SCHEDULE,aeb2f02d_F06_RERUN_0001_2022-05,REJECTED
aeb2f02d,12080,F06,F06_RERUN_0001,2022-05,2022-05-12T00:35:00,False,BLOCKED_BY_SCHEDULE,aeb2f02d_F06_RERUN_0001_2022-05,REJECTED
aeb2f02d,12080,F06,F06_RERUN_0001,2022-05,2022-05-12T02:20:00,False,BLOCKED_BY_SCHEDULE,aeb2f02d_F06_RERUN_0001_2022-05,REJECTED
aeb2f02d,12080,F06,F06_RERUN_0001,2022-05,2022-05-12T15:05:00,True,SIGNAL,aeb2f02d_F06_RERUN_0001_2022-05,ACCEPTED
aeb2f02d,12080,F06,F06_RERUN_0001,2022-05,2022-05-12T19:00:00,True,SIGNAL,aeb2f02d_F06_RERUN_0001_2022-05,ACCEPTED
aeb2f02d,12080,F06,F06_RERUN_0001,2022-05,2022-05-12T20:25:00,True,SIGNAL,aeb2f02d_F06_RERUN_0001_2022-05,ACCEPTED
aeb2f02d,12080,F06,F06_RERUN_0001,2022-05,2022-05-12T20:50:00,False,BLOCKED_BY_THROTTLER,aeb2f02d_F06_RERUN_0001_2022-05,REJECTED
aeb2f02d,12080,F06,F06_RERUN_0001,2022-05,2022-05-12T23:50:00,False,BLOCKED_BY_SCHEDULE,aeb2f02d_F06_RERUN_0001_2022-05,REJECTED
aeb2f02d,12080,F06,F06_RERUN_0001,2022-05,2022-05-13T01:10:00,False,BLOCKED_BY_SCHEDULE,aeb2f02d_F06_RERUN_0001_2022-05,REJECTED
aeb2f02d,12080,F06,F06_RERUN_0001,2022-05,2022-05-13T01:15:00,False,BLOCKED_BY_SCHEDULE,aeb2f02d_F06_RERUN_0001_2022-05,REJECTED
aeb2f02d,12080,F06,F06_RERUN_0001,2022-05,2022-05-13T07:25:00,False,BLOCKED_BY_SCHEDULE,aeb2f02d_F06_RERUN_0001_2022-05,REJECTED
aeb2f02d,12080,F06,F06_RERUN_0001,2022-05,2022-05-13T07:55:00,False,BLOCKED_BY_SCHEDULE,aeb2f02d_F06_RERUN_0001_2022-05,REJECTED
aeb2f02d,12080,F06,F06_RERUN_0001,2022-05,2022-05-13T11:05:00,True,SIGNAL,aeb2f02d_F06_RERUN_0001_2022-05,ACCEPTED
aeb2f02d,12080,F06,F06_RERUN_0001,2022-05,2022-05-13T14:35:00,True,SIGNAL,aeb2f02d_F06_RERUN_0001_2022-05,ACCEPTED
aeb2f02d,12080,F06,F06_RERUN_0001,2022-05,2022-05-13T15:05:00,True,SIGNAL,aeb2f02d_F06_RERUN_0001_2022-05,ACCEPTED
aeb2f02d,12080,F06,F06_RERUN_0001,2022-05,2022-05-13T20:45:00,False,BLOCKED_BY_THROTTLER,aeb2f02d_F06_RERUN_0001_2022-05,REJECTED
aeb2f02d,12080,F06,F06_RERUN_0001,2022-05,2022-05-13T20:55:00,False,BLOCKED_BY_THROTTLER,aeb2f02d_F06_RERUN_0001_2022-05,REJECTED
aeb2f02d,12080,F06,F06_RERUN_0001,2022-05,2022-05-16T00:50:00,False,BLOCKED_BY_SCHEDULE,aeb2f02d_F06_RERUN_0001_2022-05,REJECTED
aeb2f02d,12080,F06,F06_RERUN_0001,2022-05,2022-05-16T00:55:00,False,BLOCKED_BY_SCHEDULE,aeb2f02d_F06_RERUN_0001_2022-05,REJECTED
aeb2f02d,12080,F06,F06_RERUN_0001,2022-05,2022-05-16T01:00:00,False,BLOCKED_BY_SCHEDULE,aeb2f02d_F06_RERUN_0001_2022-05,REJECTED
aeb2f02d,12080,F06,F06_RERUN_0001,2022-05,2022-05-16T01:05:00,False,BLOCKED_BY_SCHEDULE,aeb2f02d_F06_RERUN_0001_2022-05,REJECTED
aeb2f02d,12080,F06,F06_RERUN_0001,2022-05,2022-05-16T05:00:00,False,BLOCKED_BY_SCHEDULE,aeb2f02d_F06_RERUN_0001_2022-05,REJECTED
aeb2f02d,12080,F06,F06_RERUN_0001,2022-05,2022-05-16T05:05:00,False,BLOCKED_BY_SCHEDULE,aeb2f02d_F06_RERUN_0001_2022-05,REJECTED
aeb2f02d,12080,F06,F06_RERUN_0001,2022-05,2022-05-16T05:10:00,False,BLOCKED_BY_SCHEDULE,aeb2f02d_F06_RERUN_0001_2022-05,REJECTED
aeb2f02d,12080,F06,F06_RERUN_0001,2022-05,2022-05-16T07:25:00,False,BLOCKED_BY_SCHEDULE,aeb2f02d_F06_RERUN_0001_2022-05,REJECTED
aeb2f02d,12080,F06,F06_RERUN_0001,2022-05,2022-05-16T10:55:00,False,BLOCKED_BY_SCHEDULE,aeb2f02d_F06_RERUN_0001_2022-05,REJECTED
aeb2f02d,12080,F06,F06_RERUN_0001,2022-05,2022-05-16T18:30:00,True,SIGNAL,aeb2f02d_F06_RERUN_0001_2022-05,ACCEPTED
aeb2f02d,12080,F06,F06_RERUN_0001,2022-05,2022-05-16T18:45:00,True,SIGNAL,aeb2f02d_F06_RERUN_0001_2022-05,ACCEPTED
aeb2f02d,12080,F06,F06_RERUN_0001,2022-05,2022-05-16T18:50:00,True,SIGNAL,aeb2f02d_F06_RERUN_0001_2022-05,ACCEPTED
aeb2f02d,12080,F06,F06_RERUN_0001,2022-05,2022-05-16T22:05:00,False,BLOCKED_BY_SCHEDULE,aeb2f02d_F06_RERUN_0001_2022-05,REJECTED
aeb2f02d,12080,F06,F06_RERUN_0001,2022-05,2022-05-17T00:00:00,False,BLOCKED_BY_SCHEDULE,aeb2f02d_F06_RERUN_0001_2022-05,REJECTED
aeb2f02d,12080,F06,F06_RERUN_0001,2022-05,2022-05-17T05:15:00,False,BLOCKED_BY_SCHEDULE,aeb2f02d_F06_RERUN_0001_2022-05,REJECTED
aeb2f02d,12080,F06,F06_RERUN_0001,2022-05,2022-05-17T05:50:00,False,BLOCKED_BY_SCHEDULE,aeb2f02d_F06_RERUN_0001_2022-05,REJECTED
aeb2f02d,12080,F06,F06_RERUN_0001,2022-05,2022-05-17T06:00:00,False,BLOCKED_BY_SCHEDULE,aeb2f02d_F06_RERUN_0001_2022-05,REJECTED
aeb2f02d,12080,F06,F06_RERUN_0001,2022-05,2022-05-17T06:05:00,False,BLOCKED_BY_SCHEDULE,aeb2f02d_F06_RERUN_0001_2022-05,REJECTED
aeb2f02d,12080,F06,F06_RERUN_0001,2022-05,2022-05-17T06:35:00,False,BLOCKED_BY_SCHEDULE,aeb2f02d_F06_RERUN_0001_2022-05,REJECTED
aeb2f02d,12080,F06,F06_RERUN_0001,2022-05,2022-05-17T07:05:00,False,BLOCKED_BY_SCHEDULE,aeb2f02d_F06_RERUN_0001_2022-05,REJECTED
aeb2f02d,12080,F06,F06_RERUN_0001,2022-05,2022-05-17T07:10:00,False,BLOCKED_BY_SCHEDULE,aeb2f02d_F06_RERUN_0001_2022-05,REJECTED
aeb2f02d,12080,F06,F06_RERUN_0001,2022-05,2022-05-17T08:10:00,False,BLOCKED_BY_SCHEDULE,aeb2f02d_F06_RERUN_0001_2022-05,REJECTED
aeb2f02d,12080,F06,F06_RERUN_0001,2022-05,2022-05-17T10:15:00,False,BLOCKED_BY_SCHEDULE,aeb2f02d_F06_RERUN_0001_2022-05,REJECTED
aeb2f02d,12080,F06,F06_RERUN_0001,2022-05,2022-05-17T10:30:00,False,BLOCKED_BY_SCHEDULE,aeb2f02d_F06_RERUN_0001_2022-05,REJECTED
aeb2f02d,12080,F06,F06_RERUN_0001,2022-05,2022-05-17T16:15:00,True,SIGNAL,aeb2f02d_F06_RERUN_0001_2022-05,ACCEPTED
aeb2f02d,12080,F06,F06_RERUN_0001,2022-05,2022-05-17T16:20:00,True,SIGNAL,aeb2f02d_F06_RERUN_0001_2022-05,ACCEPTED
aeb2f02d,12080,F06,F06_RERUN_0001,2022-05,2022-05-18T00:05:00,False,BLOCKED_BY_SCHEDULE,aeb2f02d_F06_RERUN_0001_2022-05,REJECTED
aeb2f02d,12080,F06,F06_RERUN_0001,2022-05,2022-05-18T05:10:00,False,BLOCKED_BY_SCHEDULE,aeb2f02d_F06_RERUN_0001_2022-05,REJECTED
aeb2f02d,12080,F06,F06_RERUN_0001,2022-05,2022-05-18T05:15:00,False,BLOCKED_BY_SCHEDULE,aeb2f02d_F06_RERUN_0001_2022-05,REJECTED
aeb2f02d,12080,F06,F06_RERUN_0001,2022-05,2022-05-18T13:40:00,True,SIGNAL,aeb2f02d_F06_RERUN_0001_2022-05,ACCEPTED
aeb2f02d,12080,F06,F06_RERUN_0001,2022-05,2022-05-18T13:45:00,True,SIGNAL,aeb2f02d_F06_RERUN_0001_2022-05,ACCEPTED
aeb2f02d,12080,F06,F06_RERUN_0001,2022-05,2022-05-18T22:10:00,False,BLOCKED_BY_SCHEDULE,aeb2f02d_F06_RERUN_0001_2022-05,REJECTED
aeb2f02d,12080,F06,F06_RERUN_0001,2022-05,2022-05-18T22:15:00,False,BLOCKED_BY_SCHEDULE,aeb2f02d_F06_RERUN_0001_2022-05,REJECTED
aeb2f02d,12080,F06,F06_RERUN_0001,2022-05,2022-05-19T00:15:00,False,BLOCKED_BY_SCHEDULE,aeb2f02d_F06_RERUN_0001_2022-05,REJECTED
aeb2f02d,12080,F06,F06_RERUN_0001,2022-05,2022-05-19T00:40:00,False,BLOCKED_BY_SCHEDULE,aeb2f02d_F06_RERUN_0001_2022-05,REJECTED
aeb2f02d,12080,F06,F06_RERUN_0001,2022-05,2022-05-19T00:45:00,False,BLOCKED_BY_SCHEDULE,aeb2f02d_F06_RERUN_0001_2022-05,REJECTED
aeb2f02d,12080,F06,F06_RERUN_0001,2022-05,2022-05-19T00:50:00,False,BLOCKED_BY_SCHEDULE,aeb2f02d_F06_RERUN_0001_2022-05,REJECTED
aeb2f02d,12080,F06,F06_RERUN_0001,2022-05,2022-05-19T02:40:00,False,BLOCKED_BY_SCHEDULE,aeb2f02d_F06_RERUN_0001_2022-05,REJECTED
aeb2f02d,12080,F06,F06_RERUN_0001,2022-05,2022-05-19T02:50:00,False,BLOCKED_BY_SCHEDULE,aeb2f02d_F06_RERUN_0001_2022-05,REJECTED
aeb2f02d,12080,F06,F06_RERUN_0001,2022-05,2022-05-19T03:00:00,False,BLOCKED_BY_SCHEDULE,aeb2f02d_F06_RERUN_0001_2022-05,REJECTED
aeb2f02d,12080,F06,F06_RERUN_0001,2022-05,2022-05-19T07:55:00,False,BLOCKED_BY_SCHEDULE,aeb2f02d_F06_RERUN_0001_2022-05,REJECTED
aeb2f02d,12080,F06,F06_RERUN_0001,2022-05,2022-05-19T08:50:00,False,BLOCKED_BY_SCHEDULE,aeb2f02d_F06_RERUN_0001_2022-05,REJECTED
aeb2f02d,12080,F06,F06_RERUN_0001,2022-05,2022-05-19T10:35:00,False,BLOCKED_BY_SCHEDULE,aeb2f02d_F06_RERUN_0001_2022-05,REJECTED
aeb2f02d,12080,F06,F06_RERUN_0001,2022-05,2022-05-19T10:40:00,False,BLOCKED_BY_SCHEDULE,aeb2f02d_F06_RERUN_0001_2022-05,REJECTED
aeb2f02d,12080,F06,F06_RERUN_0001,2022-05,2022-05-19T10:45:00,False,BLOCKED_BY_SCHEDULE,aeb2f02d_F06_RERUN_0001_2022-05,REJECTED
aeb2f02d,12080,F06,F06_RERUN_0001,2022-05,2022-05-19T12:35:00,True,SIGNAL,aeb2f02d_F06_RERUN_0001_2022-05,ACCEPTED
aeb2f02d,12080,F06,F06_RERUN_0001,2022-05,2022-05-19T13:00:00,True,SIGNAL,aeb2f02d_F06_RERUN_0001_2022-05,ACCEPTED
aeb2f02d,12080,F06,F06_RERUN_0001,2022-05,2022-05-19T13:05:00,True,SIGNAL,aeb2f02d_F06_RERUN_0001_2022-05,ACCEPTED
aeb2f02d,12080,F06,F06_RERUN_0001,2022-05,2022-05-19T14:20:00,False,BLOCKED_BY_THROTTLER,aeb2f02d_F06_RERUN_0001_2022-05,REJECTED
aeb2f02d,12080,F06,F06_RERUN_0001,2022-05,2022-05-19T14:55:00,False,BLOCKED_BY_THROTTLER,aeb2f02d_F06_RERUN_0001_2022-05,REJECTED
aeb2f02d,12080,F06,F06_RERUN_0001,2022-05,2022-05-19T17:55:00,False,BLOCKED_BY_THROTTLER,aeb2f02d_F06_RERUN_0001_2022-05,REJECTED
aeb2f02d,12080,F06,F06_RERUN_0001,2022-05,2022-05-19T22:10:00,False,BLOCKED_BY_SCHEDULE,aeb2f02d_F06_RERUN_0001_2022-05,REJECTED
aeb2f02d,12080,F06,F06_RERUN_0001,2022-05,2022-05-20T03:50:00,False,BLOCKED_BY_SCHEDULE,aeb2f02d_F06_RERUN_0001_2022-05,REJECTED
aeb2f02d,12080,F06,F06_RERUN_0001,2022-05,2022-05-20T03:55:00,False,BLOCKED_BY_SCHEDULE,aeb2f02d_F06_RERUN_0001_2022-05,REJECTED
aeb2f02d,12080,F06,F06_RERUN_0001,2022-05,2022-05-20T04:00:00,False,BLOCKED_BY_SCHEDULE,aeb2f02d_F06_RERUN_0001_2022-05,REJECTED
aeb2f02d,12080,F06,F06_RERUN_0001,2022-05,2022-05-20T04:05:00,False,BLOCKED_BY_SCHEDULE,aeb2f02d_F06_RERUN_0001_2022-05,REJECTED
aeb2f02d,12080,F06,F06_RERUN_0001,2022-05,2022-05-20T04:15:00,False,BLOCKED_BY_SCHEDULE,aeb2f02d_F06_RERUN_0001_2022-05,REJECTED
aeb2f02d,12080,F06,F06_RERUN_0001,2022-05,2022-05-20T04:20:00,False,BLOCKED_BY_SCHEDULE,aeb2f02d_F06_RERUN_0001_2022-05,REJECTED
aeb2f02d,12080,F06,F06_RERUN_0001,2022-05,2022-05-20T05:35:00,False,BLOCKED_BY_SCHEDULE,aeb2f02d_F06_RERUN_0001_2022-05,REJECTED
aeb2f02d,12080,F06,F06_RERUN_0001,2022-05,2022-05-20T05:55:00,False,BLOCKED_BY_SCHEDULE,aeb2f02d_F06_RERUN_0001_2022-05,REJECTED
aeb2f02d,12080,F06,F06_RERUN_0001,2022-05,2022-05-22T22:00:00,False,BLOCKED_BY_SCHEDULE,aeb2f02d_F06_RERUN_0001_2022-05,REJECTED
aeb2f02d,12080,F06,F06_RERUN_0001,2022-05,2022-05-22T22:10:00,False,BLOCKED_BY_SCHEDULE,aeb2f02d_F06_RERUN_0001_2022-05,REJECTED
aeb2f02d,12080,F06,F06_RERUN_0001,2022-05,2022-05-22T22:15:00,False,BLOCKED_BY_SCHEDULE,aeb2f02d_F06_RERUN_0001_2022-05,REJECTED
aeb2f02d,12080,F06,F06_RERUN_0001,2022-05,2022-05-23T00:20:00,False,BLOCKED_BY_SCHEDULE,aeb2f02d_F06_RERUN_0001_2022-05,REJECTED
aeb2f02d,12080,F06,F06_RERUN_0001,2022-05,2022-05-23T00:30:00,False,BLOCKED_BY_SCHEDULE,aeb2f02d_F06_RERUN_0001_2022-05,REJECTED
aeb2f02d,12080,F06,F06_RERUN_0001,2022-05,2022-05-23T05:45:00,False,BLOCKED_BY_SCHEDULE,aeb2f02d_F06_RERUN_0001_2022-05,REJECTED
aeb2f02d,12080,F06,F06_RERUN_0001,2022-05,2022-05-23T08:15:00,False,BLOCKED_BY_SCHEDULE,aeb2f02d_F06_RERUN_0001_2022-05,REJECTED
aeb2f02d,12080,F06,F06_RERUN_0001,2022-05,2022-05-23T08:55:00,False,BLOCKED_BY_SCHEDULE,aeb2f02d_F06_RERUN_0001_2022-05,REJECTED
aeb2f02d,12080,F06,F06_RERUN_0001,2022-05,2022-05-23T09:00:00,False,BLOCKED_BY_SCHEDULE,aeb2f02d_F06_RERUN_0001_2022-05,REJECTED
aeb2f02d,12080,F06,F06_RERUN_0001,2022-05,2022-05-23T09:10:00,False,BLOCKED_BY_SCHEDULE,aeb2f02d_F06_RERUN_0001_2022-05,REJECTED
aeb2f02d,12080,F06,F06_RERUN_0001,2022-05,2022-05-23T13:50:00,True,SIGNAL,aeb2f02d_F06_RERUN_0001_2022-05,ACCEPTED
aeb2f02d,12080,F06,F06_RERUN_0001,2022-05,2022-05-23T13:55:00,True,SIGNAL,aeb2f02d_F06_RERUN_0001_2022-05,ACCEPTED
aeb2f02d,12080,F06,F06_RERUN_0001,2022-05,2022-05-23T14:15:00,True,SIGNAL,aeb2f02d_F06_RERUN_0001_2022-05,ACCEPTED
aeb2f02d,12080,F06,F06_RERUN_0001,2022-05,2022-05-23T15:10:00,False,BLOCKED_BY_THROTTLER,aeb2f02d_F06_RERUN_0001_2022-05,REJECTED
aeb2f02d,12080,F06,F06_RERUN_0001,2022-05,2022-05-23T15:15:00,False,BLOCKED_BY_THROTTLER,aeb2f02d_F06_RERUN_0001_2022-05,REJECTED
aeb2f02d,12080,F06,F06_RERUN_0001,2022-05,2022-05-23T17:30:00,False,BLOCKED_BY_THROTTLER,aeb2f02d_F06_RERUN_0001_2022-05,REJECTED
aeb2f02d,12080,F06,F06_RERUN_0001,2022-05,2022-05-23T17:35:00,False,BLOCKED_BY_THROTTLER,aeb2f02d_F06_RERUN_0001_2022-05,REJECTED
aeb2f02d,12080,F06,F06_RERUN_0001,2022-05,2022-05-23T17:40:00,False,BLOCKED_BY_THROTTLER,aeb2f02d_F06_RERUN_0001_2022-05,REJECTED
aeb2f02d,12080,F06,F06_RERUN_0001,2022-05,2022-05-23T18:40:00,False,BLOCKED_BY_THROTTLER,aeb2f02d_F06_RERUN_0001_2022-05,REJECTED
aeb2f02d,12080,F06,F06_RERUN_0001,2022-05,2022-05-23T18:45:00,False,BLOCKED_BY_THROTTLER,aeb2f02d_F06_RERUN_0001_2022-05,REJECTED
aeb2f02d,12080,F06,F06_RERUN_0001,2022-05,2022-05-23T23:40:00,False,BLOCKED_BY_SCHEDULE,aeb2f02d_F06_RERUN_0001_2022-05,REJECTED
aeb2f02d,12080,F06,F06_RERUN_0001,2022-05,2022-05-23T23:45:00,False,BLOCKED_BY_SCHEDULE,aeb2f02d_F06_RERUN_0001_2022-05,REJECTED
aeb2f02d,12080,F06,F06_RERUN_0001,2022-05,2022-05-24T03:45:00,False,BLOCKED_BY_SCHEDULE,aeb2f02d_F06_RERUN_0001_2022-05,REJECTED
aeb2f02d,12080,F06,F06_RERUN_0001,2022-05,2022-05-24T06:05:00,False,BLOCKED_BY_SCHEDULE,aeb2f02d_F06_RERUN_0001_2022-05,REJECTED
aeb2f02d,12080,F06,F06_RERUN_0001,2022-05,2022-05-24T06:15:00,False,BLOCKED_BY_SCHEDULE,aeb2f02d_F06_RERUN_0001_2022-05,REJECTED
aeb2f02d,12080,F06,F06_RERUN_0001,2022-05,2022-05-24T06:50:00,False,BLOCKED_BY_SCHEDULE,aeb2f02d_F06_RERUN_0001_2022-05,REJECTED
aeb2f02d,12080,F06,F06_RERUN_0001,2022-05,2022-05-24T07:00:00,False,BLOCKED_BY_SCHEDULE,aeb2f02d_F06_RERUN_0001_2022-05,REJECTED
aeb2f02d,12080,F06,F06_RERUN_0001,2022-05,2022-05-24T07:10:00,False,BLOCKED_BY_SCHEDULE,aeb2f02d_F06_RERUN_0001_2022-05,REJECTED
aeb2f02d,12080,F06,F06_RERUN_0001,2022-05,2022-05-24T13:45:00,True,SIGNAL,aeb2f02d_F06_RERUN_0001_2022-05,ACCEPTED
aeb2f02d,12080,F06,F06_RERUN_0001,2022-05,2022-05-24T14:00:00,True,SIGNAL,aeb2f02d_F06_RERUN_0001_2022-05,ACCEPTED
aeb2f02d,12080,F06,F06_RERUN_0001,2022-05,2022-05-24T19:20:00,True,SIGNAL,aeb2f02d_F06_RERUN_0001_2022-05,ACCEPTED
aeb2f02d,12080,F06,F06_RERUN_0001,2022-05,2022-05-24T22:50:00,False,BLOCKED_BY_SCHEDULE,aeb2f02d_F06_RERUN_0001_2022-05,REJECTED
aeb2f02d,12080,F06,F06_RERUN_0001,2022-05,2022-05-24T22:55:00,False,BLOCKED_BY_SCHEDULE,aeb2f02d_F06_RERUN_0001_2022-05,REJECTED
aeb2f02d,12080,F06,F06_RERUN_0001,2022-05,2022-05-25T14:20:00,True,SIGNAL,aeb2f02d_F06_RERUN_0001_2022-05,ACCEPTED
aeb2f02d,12080,F06,F06_RERUN_0001,2022-05,2022-05-25T14:25:00,True,SIGNAL,aeb2f02d_F06_RERUN_0001_2022-05,ACCEPTED
aeb2f02d,12080,F06,F06_RERUN_0001,2022-05,2022-05-25T14:35:00,True,SIGNAL,aeb2f02d_F06_RERUN_0001_2022-05,ACCEPTED
aeb2f02d,12080,F06,F06_RERUN_0001,2022-05,2022-05-25T17:30:00,False,BLOCKED_BY_THROTTLER,aeb2f02d_F06_RERUN_0001_2022-05,REJECTED
aeb2f02d,12080,F06,F06_RERUN_0001,2022-05,2022-05-25T17:35:00,False,BLOCKED_BY_THROTTLER,aeb2f02d_F06_RERUN_0001_2022-05,REJECTED
aeb2f02d,12080,F06,F06_RERUN_0001,2022-05,2022-05-25T18:00:00,False,BLOCKED_BY_THROTTLER,aeb2f02d_F06_RERUN_0001_2022-05,REJECTED
aeb2f02d,12080,F06,F06_RERUN_0001,2022-05,2022-05-25T18:55:00,False,BLOCKED_BY_THROTTLER,aeb2f02d_F06_RERUN_0001_2022-05,REJECTED
aeb2f02d,12080,F06,F06_RERUN_0001,2022-05,2022-05-25T19:00:00,False,BLOCKED_BY_THROTTLER,aeb2f02d_F06_RERUN_0001_2022-05,REJECTED
aeb2f02d,12080,F06,F06_RERUN_0001,2022-05,2022-05-25T22:00:00,False,BLOCKED_BY_SCHEDULE,aeb2f02d_F06_RERUN_0001_2022-05,REJECTED
aeb2f02d,12080,F06,F06_RERUN_0001,2022-05,2022-05-25T22:05:00,False,BLOCKED_BY_SCHEDULE,aeb2f02d_F06_RERUN_0001_2022-05,REJECTED
aeb2f02d,12080,F06,F06_RERUN_0001,2022-05,2022-05-25T22:10:00,False,BLOCKED_BY_SCHEDULE,aeb2f02d_F06_RERUN_0001_2022-05,REJECTED
aeb2f02d,12080,F06,F06_RERUN_0001,2022-05,2022-05-26T00:30:00,False,BLOCKED_BY_SCHEDULE,aeb2f02d_F06_RERUN_0001_2022-05,REJECTED
aeb2f02d,12080,F06,F06_RERUN_0001,2022-05,2022-05-26T00:45:00,False,BLOCKED_BY_SCHEDULE,aeb2f02d_F06_RERUN_0001_2022-05,REJECTED
aeb2f02d,12080,F06,F06_RERUN_0001,2022-05,2022-05-26T00:50:00,False,BLOCKED_BY_SCHEDULE,aeb2f02d_F06_RERUN_0001_2022-05,REJECTED
aeb2f02d,12080,F06,F06_RERUN_0001,2022-05,2022-05-26T07:20:00,False,BLOCKED_BY_SCHEDULE,aeb2f02d_F06_RERUN_0001_2022-05,REJECTED
aeb2f02d,12080,F06,F06_RERUN_0001,2022-05,2022-05-26T09:30:00,False,BLOCKED_BY_SCHEDULE,aeb2f02d_F06_RERUN_0001_2022-05,REJECTED
aeb2f02d,12080,F06,F06_RERUN_0001,2022-05,2022-05-26T09:50:00,False,BLOCKED_BY_SCHEDULE,aeb2f02d_F06_RERUN_0001_2022-05,REJECTED
aeb2f02d,12080,F06,F06_RERUN_0001,2022-05,2022-05-26T09:55:00,False,BLOCKED_BY_SCHEDULE,aeb2f02d_F06_RERUN_0001_2022-05,REJECTED
aeb2f02d,12080,F06,F06_RERUN_0001,2022-05,2022-05-26T13:30:00,True,SIGNAL,aeb2f02d_F06_RERUN_0001_2022-05,ACCEPTED
aeb2f02d,12080,F06,F06_RERUN_0001,2022-05,2022-05-26T13:35:00,True,SIGNAL,aeb2f02d_F06_RERUN_0001_2022-05,ACCEPTED
aeb2f02d,12080,F06,F06_RERUN_0001,2022-05,2022-05-26T15:20:00,True,SIGNAL,aeb2f02d_F06_RERUN_0001_2022-05,ACCEPTED
aeb2f02d,12080,F06,F06_RERUN_0001,2022-05,2022-05-26T15:25:00,False,BLOCKED_BY_THROTTLER,aeb2f02d_F06_RERUN_0001_2022-05,REJECTED
aeb2f02d,12080,F06,F06_RERUN_0001,2022-05,2022-05-26T20:10:00,False,BLOCKED_BY_THROTTLER,aeb2f02d_F06_RERUN_0001_2022-05,REJECTED
aeb2f02d,12080,F06,F06_RERUN_0001,2022-05,2022-05-26T23:05:00,False,BLOCKED_BY_SCHEDULE,aeb2f02d_F06_RERUN_0001_2022-05,REJECTED
aeb2f02d,12080,F06,F06_RERUN_0001,2022-05,2022-05-27T00:10:00,False,BLOCKED_BY_SCHEDULE,aeb2f02d_F06_RERUN_0001_2022-05,REJECTED
aeb2f02d,12080,F06,F06_RERUN_0001,2022-05,2022-05-27T00:15:00,False,BLOCKED_BY_SCHEDULE,aeb2f02d_F06_RERUN_0001_2022-05,REJECTED
aeb2f02d,12080,F06,F06_RERUN_0001,2022-05,2022-05-27T00:55:00,False,BLOCKED_BY_SCHEDULE,aeb2f02d_F06_RERUN_0001_2022-05,REJECTED
aeb2f02d,12080,F06,F06_RERUN_0001,2022-05,2022-05-27T01:30:00,False,BLOCKED_BY_SCHEDULE,aeb2f02d_F06_RERUN_0001_2022-05,REJECTED
aeb2f02d,12080,F06,F06_RERUN_0001,2022-05,2022-05-27T01:45:00,False,BLOCKED_BY_SCHEDULE,aeb2f02d_F06_RERUN_0001_2022-05,REJECTED
aeb2f02d,12080,F06,F06_RERUN_0001,2022-05,2022-05-27T12:05:00,True,SIGNAL,aeb2f02d_F06_RERUN_0001_2022-05,ACCEPTED
aeb2f02d,12080,F06,F06_RERUN_0001,2022-05,2022-05-27T13:45:00,True,SIGNAL,aeb2f02d_F06_RERUN_0001_2022-05,ACCEPTED
aeb2f02d,12080,F06,F06_RERUN_0001,2022-05,2022-05-27T13:50:00,True,SIGNAL,aeb2f02d_F06_RERUN_0001_2022-05,ACCEPTED
aeb2f02d,12080,F06,F06_RERUN_0001,2022-05,2022-05-27T14:05:00,False,BLOCKED_BY_THROTTLER,aeb2f02d_F06_RERUN_0001_2022-05,REJECTED
aeb2f02d,12080,F06,F06_RERUN_0001,2022-05,2022-05-27T17:30:00,False,BLOCKED_BY_THROTTLER,aeb2f02d_F06_RERUN_0001_2022-05,REJECTED
aeb2f02d,12080,F06,F06_RERUN_0001,2022-05,2022-05-27T17:35:00,False,BLOCKED_BY_THROTTLER,aeb2f02d_F06_RERUN_0001_2022-05,REJECTED
aeb2f02d,12080,F06,F06_RERUN_0001,2022-05,2022-05-27T18:05:00,False,BLOCKED_BY_THROTTLER,aeb2f02d_F06_RERUN_0001_2022-05,REJECTED
aeb2f02d,12080,F06,F06_RERUN_0001,2022-05,2022-05-29T22:00:00,False,BLOCKED_BY_SCHEDULE,aeb2f02d_F06_RERUN_0001_2022-05,REJECTED
aeb2f02d,12080,F06,F06_RERUN_0001,2022-05,2022-05-29T22:15:00,False,BLOCKED_BY_SCHEDULE,aeb2f02d_F06_RERUN_0001_2022-05,REJECTED
aeb2f02d,12080,F06,F06_RERUN_0001,2022-05,2022-05-30T00:20:00,False,BLOCKED_BY_SCHEDULE,aeb2f02d_F06_RERUN_0001_2022-05,REJECTED
aeb2f02d,12080,F06,F06_RERUN_0001,2022-05,2022-05-30T01:30:00,False,BLOCKED_BY_SCHEDULE,aeb2f02d_F06_RERUN_0001_2022-05,REJECTED
aeb2f02d,12080,F06,F06_RERUN_0001,2022-05,2022-05-30T01:35:00,False,BLOCKED_BY_SCHEDULE,aeb2f02d_F06_RERUN_0001_2022-05,REJECTED
aeb2f02d,12080,F06,F06_RERUN_0001,2022-05,2022-05-30T01:50:00,False,BLOCKED_BY_SCHEDULE,aeb2f02d_F06_RERUN_0001_2022-05,REJECTED
aeb2f02d,12080,F06,F06_RERUN_0001,2022-05,2022-05-30T04:30:00,False,BLOCKED_BY_SCHEDULE,aeb2f02d_F06_RERUN_0001_2022-05,REJECTED
aeb2f02d,12080,F06,F06_RERUN_0001,2022-05,2022-05-30T04:40:00,False,BLOCKED_BY_SCHEDULE,aeb2f02d_F06_RERUN_0001_2022-05,REJECTED
aeb2f02d,12080,F06,F06_RERUN_0001,2022-05,2022-05-30T06:10:00,False,BLOCKED_BY_SCHEDULE,aeb2f02d_F06_RERUN_0001_2022-05,REJECTED
aeb2f02d,12080,F06,F06_RERUN_0001,2022-05,2022-05-30T06:35:00,False,BLOCKED_BY_SCHEDULE,aeb2f02d_F06_RERUN_0001_2022-05,REJECTED
aeb2f02d,12080,F06,F06_RERUN_0001,2022-05,2022-05-30T08:55:00,False,BLOCKED_BY_SCHEDULE,aeb2f02d_F06_RERUN_0001_2022-05,REJECTED
aeb2f02d,12080,F06,F06_RERUN_0001,2022-05,2022-05-30T09:00:00,False,BLOCKED_BY_SCHEDULE,aeb2f02d_F06_RERUN_0001_2022-05,REJECTED
aeb2f02d,12080,F06,F06_RERUN_0001,2022-05,2022-05-30T10:40:00,False,BLOCKED_BY_SCHEDULE,aeb2f02d_F06_RERUN_0001_2022-05,REJECTED
aeb2f02d,12080,F06,F06_RERUN_0001,2022-05,2022-05-30T11:05:00,True,SIGNAL,aeb2f02d_F06_RERUN_0001_2022-05,ACCEPTED
aeb2f02d,12080,F06,F06_RERUN_0001,2022-05,2022-05-30T13:55:00,True,SIGNAL,aeb2f02d_F06_RERUN_0001_2022-05,ACCEPTED
aeb2f02d,12080,F06,F06_RERUN_0001,2022-05,2022-05-30T14:00:00,True,SIGNAL,aeb2f02d_F06_RERUN_0001_2022-05,ACCEPTED
aeb2f02d,12080,F06,F06_RERUN_0001,2022-05,2022-05-30T14:55:00,False,BLOCKED_BY_THROTTLER,aeb2f02d_F06_RERUN_0001_2022-05,REJECTED
aeb2f02d,12080,F06,F06_RERUN_0001,2022-05,2022-05-30T16:55:00,False,BLOCKED_BY_THROTTLER,aeb2f02d_F06_RERUN_0001_2022-05,REJECTED
aeb2f02d,12080,F06,F06_RERUN_0001,2022-05,2022-05-31T14:45:00,True,SIGNAL,aeb2f02d_F06_RERUN_0001_2022-05,ACCEPTED
aeb2f02d,12080,F06,F06_RERUN_0001,2022-05,2022-05-31T17:50:00,True,SIGNAL,aeb2f02d_F06_RERUN_0001_2022-05,ACCEPTED
aeb2f02d,12080,F06,F06_RERUN_0001,2022-05,2022-05-31T18:00:00,True,SIGNAL,aeb2f02d_F06_RERUN_0001_2022-05,ACCEPTED
aeb2f02d,12080,F06,F06_RERUN_0001,2022-05,2022-05-31T18:30:00,False,BLOCKED_BY_THROTTLER,aeb2f02d_F06_RERUN_0001_2022-05,REJECTED
aeb2f02d,12080,F06,F06_RERUN_0001,2022-05,2022-05-31T18:35:00,False,BLOCKED_BY_THROTTLER,aeb2f02d_F06_RERUN_0001_2022-05,REJECTED
aeb2f02d,12080,F06,F06_RERUN_0001,2022-05,2022-05-31T22:15:00,False,BLOCKED_BY_SCHEDULE,aeb2f02d_F06_RERUN_0001_2022-05,REJECTED
aeb2f02d,12080,F06,F06_RERUN_0001,2022-05,2022-05-31T22:30:00,False,BLOCKED_BY_SCHEDULE,aeb2f02d_F06_RERUN_0001_2022-05,REJECTED
aeb2f02d,12080,F06,F06_RERUN_0001,2022-05,2022-05-31T22:35:00,False,BLOCKED_BY_SCHEDULE,aeb2f02d_F06_RERUN_0001_2022-05,REJECTED
aeb2f02d,12080,F06,F06_RERUN_0001,2022-05,2022-05-31T22:40:00,False,BLOCKED_BY_SCHEDULE,aeb2f02d_F06_RERUN_0001_2022-05,REJECTED
