config_id,level_type,session_window,wick_to_body_min,max_trades_per_day,entry_type,sl_model,target_model
V49_7B_0001,ASIA_HL,08:00-11:00,1.5,3,MIDPOINT_STOP,WICK_EXTREME_2.0P,FIXED_2.0R
V49_7B_0002,ASIA_HL,07:00-10:00,1.5,2,NEXT_OPEN,WICK_EXTREME_2.0P,FIXED_1.5R
V49_7B_0003,LONDON_HL,09:00-12:00,2.0,3,NEXT_OPEN,WICK_EXTREME_2.0P,FIXED_1.5R
V49_7B_0004,ASIA_HL,08:00-11:00,1.5,2,MIDPOINT_STOP,WICK_EXTREME_2.0P,FIXED_2.0R
V49_7B_0005,ASIA_HL,08:00-11:00,1.8,3,MIDPOINT_STOP,MICROSTRUCTURE_SAFE,FIXED_2.5R
V49_7B_0006,ASIA_HL,07:00-10:00,2.2,1,MIDPOINT_STOP,WICK_EXTREME_1.5P,FIXED_1.5R
V49_7B_0007,LONDON_HL,07:00-10:00,1.8,2,MIDPOINT_STOP,MICROSTRUCTURE_SAFE,FIXED_1.5R
V49_7B_0008,ASIA_HL,08:00-11:00,2.5,3,NEXT_OPEN,WICK_EXTREME_1.5P,FIXED_2.0R
V49_7B_0009,LONDON_HL,07:00-10:00,1.8,3,MIDPOINT_STOP,WICK_EXTREME_2.0P,FIXED_1.5R
V49_7B_0010,LONDON_HL,08:00-11:00,1.8,2,MIDPOINT_STOP,MICROSTRUCTURE_SAFE,FIXED_2.5R
V49_7B_0011,LONDON_HL,07:00-10:00,1.8,2,MIDPOINT_STOP,WICK_EXTREME_2.0P,FIXED_2.5R
V49_7B_0012,ASIA_HL,07:00-10:00,2.0,3,MIDPOINT_STOP,WICK_EXTREME_1.5P,FIXED_1.5R
V49_7B_0013,ASIA_HL,08:00-11:00,1.8,3,NEXT_OPEN,MICROSTRUCTURE_SAFE,FIXED_2.0R
V49_7B_0014,LONDON_HL,09:00-12:00,1.5,1,MIDPOINT_STOP,WICK_EXTREME_1.5P,FIXED_2.5R
V49_7B_0015,ASIA_HL,08:00-11:00,1.5,2,MIDPOINT_STOP,MICROSTRUCTURE_SAFE,FIXED_2.5R
V49_7B_0016,LONDON_HL,09:00-12:00,2.0,2,MIDPOINT_STOP,WICK_EXTREME_2.0P,FIXED_2.0R
V49_7B_0017,ASIA_HL,07:00-10:00,2.5,2,NEXT_OPEN,MICROSTRUCTURE_SAFE,FIXED_2.0R
V49_7B_0018,LONDON_HL,07:00-10:00,1.5,3,MIDPOINT_STOP,WICK_EXTREME_2.0P,FIXED_1.5R
V49_7B_0019,ASIA_HL,08:00-11:00,2.5,2,NEXT_OPEN,MICROSTRUCTURE_SAFE,FIXED_1.5R
V49_7B_0020,LONDON_HL,07:00-10:00,1.5,1,MIDPOINT_STOP,WICK_EXTREME_2.0P,FIXED_2.0R
V49_7B_0021,LONDON_HL,09:00-12:00,1.8,2,NEXT_OPEN,WICK_EXTREME_1.5P,FIXED_1.5R
V49_7B_0022,ASIA_HL,08:00-11:00,1.8,1,NEXT_OPEN,MICROSTRUCTURE_SAFE,FIXED_2.0R
V49_7B_0023,ASIA_HL,08:00-11:00,2.2,3,MIDPOINT_STOP,WICK_EXTREME_1.5P,FIXED_2.0R
V49_7B_0024,LONDON_HL,09:00-12:00,2.5,3,NEXT_OPEN,MICROSTRUCTURE_SAFE,FIXED_2.0R
V49_7B_0025,LONDON_HL,09:00-12:00,3.0,3,MIDPOINT_STOP,WICK_EXTREME_1.5P,FIXED_2.0R
V49_7B_0026,ASIA_HL,09:00-12:00,2.2,3,MIDPOINT_STOP,MICROSTRUCTURE_SAFE,FIXED_2.0R
V49_7B_0027,LONDON_HL,07:00-10:00,3.0,3,NEXT_OPEN,WICK_EXTREME_2.0P,FIXED_1.5R
V49_7B_0028,ASIA_HL,07:00-10:00,2.2,1,NEXT_OPEN,WICK_EXTREME_2.0P,FIXED_1.5R
V49_7B_0029,LONDON_HL,07:00-10:00,1.5,3,NEXT_OPEN,WICK_EXTREME_2.0P,FIXED_2.5R
V49_7B_0030,ASIA_HL,09:00-12:00,2.5,2,NEXT_OPEN,WICK_EXTREME_1.5P,FIXED_1.5R
V49_7B_0031,LONDON_HL,08:00-11:00,2.5,2,NEXT_OPEN,WICK_EXTREME_2.0P,FIXED_2.5R
V49_7B_0032,LONDON_HL,07:00-10:00,2.2,3,MIDPOINT_STOP,MICROSTRUCTURE_SAFE,FIXED_1.5R
V49_7B_0033,ASIA_HL,07:00-10:00,2.2,2,NEXT_OPEN,WICK_EXTREME_1.5P,FIXED_2.5R
V49_7B_0034,ASIA_HL,08:00-11:00,1.5,3,NEXT_OPEN,WICK_EXTREME_1.5P,FIXED_1.5R
V49_7B_0035,ASIA_HL,08:00-11:00,1.8,2,NEXT_OPEN,MICROSTRUCTURE_SAFE,FIXED_2.0R
V49_7B_0036,ASIA_HL,07:00-10:00,1.8,2,NEXT_OPEN,WICK_EXTREME_2.0P,FIXED_2.0R
V49_7B_0037,ASIA_HL,08:00-11:00,2.5,3,MIDPOINT_STOP,MICROSTRUCTURE_SAFE,FIXED_2.0R
V49_7B_0038,LONDON_HL,08:00-11:00,1.8,1,NEXT_OPEN,WICK_EXTREME_2.0P,FIXED_2.0R
V49_7B_0039,LONDON_HL,08:00-11:00,3.0,2,MIDPOINT_STOP,WICK_EXTREME_1.5P,FIXED_2.0R
V49_7B_0040,ASIA_HL,09:00-12:00,2.0,3,MIDPOINT_STOP,WICK_EXTREME_1.5P,FIXED_2.5R
V49_7B_0041,LONDON_HL,09:00-12:00,2.5,1,MIDPOINT_STOP,WICK_EXTREME_1.5P,FIXED_1.5R
V49_7B_0042,ASIA_HL,07:00-10:00,2.2,1,NEXT_OPEN,WICK_EXTREME_1.5P,FIXED_2.5R
V49_7B_0043,ASIA_HL,09:00-12:00,1.8,3,MIDPOINT_STOP,WICK_EXTREME_1.5P,FIXED_2.0R
V49_7B_0044,LONDON_HL,07:00-10:00,3.0,1,NEXT_OPEN,MICROSTRUCTURE_SAFE,FIXED_1.5R
V49_7B_0045,ASIA_HL,07:00-10:00,1.5,2,MIDPOINT_STOP,MICROSTRUCTURE_SAFE,FIXED_2.0R
V49_7B_0046,LONDON_HL,09:00-12:00,1.8,1,MIDPOINT_STOP,WICK_EXTREME_2.0P,FIXED_2.0R
V49_7B_0047,ASIA_HL,07:00-10:00,1.8,2,NEXT_OPEN,MICROSTRUCTURE_SAFE,FIXED_2.5R
V49_7B_0048,LONDON_HL,08:00-11:00,1.8,1,NEXT_OPEN,MICROSTRUCTURE_SAFE,FIXED_2.0R
V49_7B_0049,ASIA_HL,08:00-11:00,2.5,2,NEXT_OPEN,MICROSTRUCTURE_SAFE,FIXED_2.5R
V49_7B_0050,ASIA_HL,08:00-11:00,2.2,3,NEXT_OPEN,WICK_EXTREME_2.0P,FIXED_2.0R
V49_7B_0051,LONDON_HL,07:00-10:00,2.0,3,MIDPOINT_STOP,WICK_EXTREME_1.5P,FIXED_1.5R
V49_7B_0052,ASIA_HL,09:00-12:00,2.0,2,NEXT_OPEN,WICK_EXTREME_2.0P,FIXED_2.5R
V49_7B_0053,ASIA_HL,08:00-11:00,1.5,3,NEXT_OPEN,WICK_EXTREME_1.5P,FIXED_2.5R
V49_7B_0054,ASIA_HL,08:00-11:00,2.5,1,NEXT_OPEN,WICK_EXTREME_2.0P,FIXED_2.5R
V49_7B_0055,ASIA_HL,07:00-10:00,3.0,2,NEXT_OPEN,WICK_EXTREME_1.5P,FIXED_2.0R
V49_7B_0056,ASIA_HL,09:00-12:00,2.2,2,MIDPOINT_STOP,MICROSTRUCTURE_SAFE,FIXED_1.5R
V49_7B_0057,ASIA_HL,09:00-12:00,2.5,2,MIDPOINT_STOP,WICK_EXTREME_2.0P,FIXED_2.5R
V49_7B_0058,LONDON_HL,08:00-11:00,1.8,2,MIDPOINT_STOP,WICK_EXTREME_2.0P,FIXED_1.5R
V49_7B_0059,ASIA_HL,07:00-10:00,2.2,3,NEXT_OPEN,WICK_EXTREME_1.5P,FIXED_1.5R
V49_7B_0060,ASIA_HL,09:00-12:00,2.2,3,NEXT_OPEN,WICK_EXTREME_2.0P,FIXED_2.5R
V49_7B_0061,ASIA_HL,09:00-12:00,1.5,2,MIDPOINT_STOP,WICK_EXTREME_1.5P,FIXED_2.5R
V49_7B_0062,ASIA_HL,09:00-12:00,2.0,3,NEXT_OPEN,WICK_EXTREME_1.5P,FIXED_2.5R
V49_7B_0063,ASIA_HL,08:00-11:00,2.2,2,NEXT_OPEN,MICROSTRUCTURE_SAFE,FIXED_2.5R
V49_7B_0064,ASIA_HL,07:00-10:00,3.0,3,MIDPOINT_STOP,WICK_EXTREME_1.5P,FIXED_2.0R
V49_7B_0065,ASIA_HL,08:00-11:00,1.8,3,NEXT_OPEN,WICK_EXTREME_2.0P,FIXED_1.5R
V49_7B_0066,LONDON_HL,09:00-12:00,1.8,2,MIDPOINT_STOP,WICK_EXTREME_1.5P,FIXED_1.5R
V49_7B_0067,LONDON_HL,09:00-12:00,2.5,1,MIDPOINT_STOP,WICK_EXTREME_1.5P,FIXED_2.0R
V49_7B_0068,LONDON_HL,07:00-10:00,1.8,1,NEXT_OPEN,MICROSTRUCTURE_SAFE,FIXED_1.5R
V49_7B_0069,LONDON_HL,08:00-11:00,3.0,1,NEXT_OPEN,WICK_EXTREME_2.0P,FIXED_2.0R
V49_7B_0070,LONDON_HL,08:00-11:00,1.8,2,NEXT_OPEN,WICK_EXTREME_2.0P,FIXED_2.0R
V49_7B_0071,LONDON_HL,07:00-10:00,2.0,2,MIDPOINT_STOP,WICK_EXTREME_1.5P,FIXED_2.5R
V49_7B_0072,ASIA_HL,09:00-12:00,2.5,2,MIDPOINT_STOP,WICK_EXTREME_2.0P,FIXED_2.0R
V49_7B_0073,ASIA_HL,07:00-10:00,2.2,1,MIDPOINT_STOP,WICK_EXTREME_1.5P,FIXED_2.0R
V49_7B_0074,LONDON_HL,08:00-11:00,1.5,1,MIDPOINT_STOP,WICK_EXTREME_1.5P,FIXED_2.5R
V49_7B_0075,ASIA_HL,09:00-12:00,2.2,1,NEXT_OPEN,WICK_EXTREME_2.0P,FIXED_2.5R
V49_7B_0076,LONDON_HL,08:00-11:00,1.5,2,MIDPOINT_STOP,WICK_EXTREME_2.0P,FIXED_1.5R
V49_7B_0077,ASIA_HL,09:00-12:00,2.5,2,MIDPOINT_STOP,MICROSTRUCTURE_SAFE,FIXED_1.5R
V49_7B_0078,LONDON_HL,07:00-10:00,3.0,1,MIDPOINT_STOP,WICK_EXTREME_1.5P,FIXED_2.0R
V49_7B_0079,LONDON_HL,07:00-10:00,2.0,1,NEXT_OPEN,WICK_EXTREME_2.0P,FIXED_2.0R
V49_7B_0080,ASIA_HL,09:00-12:00,1.8,2,NEXT_OPEN,MICROSTRUCTURE_SAFE,FIXED_2.5R
V49_7B_0081,LONDON_HL,09:00-12:00,1.5,3,NEXT_OPEN,MICROSTRUCTURE_SAFE,FIXED_2.5R
V49_7B_0082,ASIA_HL,07:00-10:00,1.8,3,NEXT_OPEN,WICK_EXTREME_1.5P,FIXED_1.5R
V49_7B_0083,LONDON_HL,09:00-12:00,3.0,1,NEXT_OPEN,MICROSTRUCTURE_SAFE,FIXED_2.0R
V49_7B_0084,LONDON_HL,08:00-11:00,3.0,1,NEXT_OPEN,WICK_EXTREME_1.5P,FIXED_2.5R
V49_7B_0085,ASIA_HL,08:00-11:00,1.8,3,MIDPOINT_STOP,WICK_EXTREME_2.0P,FIXED_2.5R
V49_7B_0086,LONDON_HL,07:00-10:00,2.2,1,MIDPOINT_STOP,WICK_EXTREME_2.0P,FIXED_1.5R
V49_7B_0087,ASIA_HL,07:00-10:00,1.5,1,NEXT_OPEN,MICROSTRUCTURE_SAFE,FIXED_2.0R
V49_7B_0088,LONDON_HL,07:00-10:00,1.8,1,NEXT_OPEN,WICK_EXTREME_2.0P,FIXED_2.5R
V49_7B_0089,LONDON_HL,08:00-11:00,2.5,2,NEXT_OPEN,WICK_EXTREME_2.0P,FIXED_1.5R
V49_7B_0090,LONDON_HL,08:00-11:00,2.0,3,NEXT_OPEN,MICROSTRUCTURE_SAFE,FIXED_2.0R
V49_7B_0091,LONDON_HL,09:00-12:00,3.0,3,MIDPOINT_STOP,WICK_EXTREME_1.5P,FIXED_1.5R
V49_7B_0092,ASIA_HL,07:00-10:00,2.2,3,MIDPOINT_STOP,MICROSTRUCTURE_SAFE,FIXED_2.0R
V49_7B_0093,LONDON_HL,08:00-11:00,2.2,2,MIDPOINT_STOP,WICK_EXTREME_1.5P,FIXED_2.0R
V49_7B_0094,ASIA_HL,09:00-12:00,2.2,2,NEXT_OPEN,WICK_EXTREME_1.5P,FIXED_2.5R
V49_7B_0095,LONDON_HL,08:00-11:00,2.5,1,MIDPOINT_STOP,MICROSTRUCTURE_SAFE,FIXED_1.5R
V49_7B_0096,LONDON_HL,08:00-11:00,2.0,3,NEXT_OPEN,WICK_EXTREME_2.0P,FIXED_2.5R
V49_7B_0097,LONDON_HL,07:00-10:00,1.8,1,NEXT_OPEN,WICK_EXTREME_1.5P,FIXED_2.5R
V49_7B_0098,ASIA_HL,07:00-10:00,2.2,1,NEXT_OPEN,WICK_EXTREME_2.0P,FIXED_2.5R
V49_7B_0099,ASIA_HL,08:00-11:00,2.5,2,MIDPOINT_STOP,WICK_EXTREME_2.0P,FIXED_1.5R
V49_7B_0100,LONDON_HL,09:00-12:00,1.8,3,NEXT_OPEN,MICROSTRUCTURE_SAFE,FIXED_2.5R
V49_7B_0101,ASIA_HL,07:00-10:00,1.8,3,NEXT_OPEN,MICROSTRUCTURE_SAFE,FIXED_1.5R
V49_7B_0102,ASIA_HL,07:00-10:00,3.0,2,MIDPOINT_STOP,WICK_EXTREME_1.5P,FIXED_2.5R
V49_7B_0103,ASIA_HL,07:00-10:00,3.0,1,MIDPOINT_STOP,WICK_EXTREME_1.5P,FIXED_1.5R
V49_7B_0104,ASIA_HL,09:00-12:00,2.5,1,NEXT_OPEN,WICK_EXTREME_1.5P,FIXED_2.0R
V49_7B_0105,ASIA_HL,07:00-10:00,1.8,3,NEXT_OPEN,WICK_EXTREME_2.0P,FIXED_1.5R
V49_7B_0106,ASIA_HL,08:00-11:00,2.5,1,MIDPOINT_STOP,WICK_EXTREME_1.5P,FIXED_2.5R
V49_7B_0107,ASIA_HL,07:00-10:00,3.0,2,NEXT_OPEN,WICK_EXTREME_2.0P,FIXED_2.5R
V49_7B_0108,ASIA_HL,08:00-11:00,1.5,2,NEXT_OPEN,WICK_EXTREME_2.0P,FIXED_1.5R
V49_7B_0109,ASIA_HL,09:00-12:00,2.2,1,NEXT_OPEN,WICK_EXTREME_1.5P,FIXED_2.5R
V49_7B_0110,ASIA_HL,07:00-10:00,2.0,1,NEXT_OPEN,WICK_EXTREME_1.5P,FIXED_1.5R
V49_7B_0111,ASIA_HL,07:00-10:00,2.0,2,NEXT_OPEN,WICK_EXTREME_2.0P,FIXED_2.0R
V49_7B_0112,ASIA_HL,07:00-10:00,3.0,3,MIDPOINT_STOP,WICK_EXTREME_1.5P,FIXED_1.5R
V49_7B_0113,ASIA_HL,07:00-10:00,1.5,3,MIDPOINT_STOP,WICK_EXTREME_2.0P,FIXED_2.0R
V49_7B_0114,LONDON_HL,08:00-11:00,1.5,2,NEXT_OPEN,WICK_EXTREME_1.5P,FIXED_2.5R
V49_7B_0115,ASIA_HL,08:00-11:00,1.8,1,NEXT_OPEN,WICK_EXTREME_2.0P,FIXED_2.0R
V49_7B_0116,LONDON_HL,07:00-10:00,3.0,2,MIDPOINT_STOP,MICROSTRUCTURE_SAFE,FIXED_2.0R
V49_7B_0117,ASIA_HL,07:00-10:00,2.0,2,MIDPOINT_STOP,WICK_EXTREME_1.5P,FIXED_2.0R
V49_7B_0118,LONDON_HL,09:00-12:00,2.0,2,NEXT_OPEN,MICROSTRUCTURE_SAFE,FIXED_2.5R
V49_7B_0119,ASIA_HL,09:00-12:00,2.0,1,MIDPOINT_STOP,WICK_EXTREME_2.0P,FIXED_2.0R
V49_7B_0120,ASIA_HL,09:00-12:00,3.0,2,NEXT_OPEN,MICROSTRUCTURE_SAFE,FIXED_2.5R
V49_7B_0121,LONDON_HL,08:00-11:00,1.8,1,NEXT_OPEN,WICK_EXTREME_2.0P,FIXED_1.5R
V49_7B_0122,ASIA_HL,09:00-12:00,2.2,3,NEXT_OPEN,WICK_EXTREME_1.5P,FIXED_1.5R
V49_7B_0123,ASIA_HL,09:00-12:00,2.2,1,MIDPOINT_STOP,MICROSTRUCTURE_SAFE,FIXED_1.5R
V49_7B_0124,ASIA_HL,08:00-11:00,3.0,1,MIDPOINT_STOP,MICROSTRUCTURE_SAFE,FIXED_2.0R
V49_7B_0125,ASIA_HL,07:00-10:00,3.0,1,MIDPOINT_STOP,WICK_EXTREME_1.5P,FIXED_2.5R
V49_7B_0126,ASIA_HL,09:00-12:00,2.0,3,NEXT_OPEN,MICROSTRUCTURE_SAFE,FIXED_2.5R
V49_7B_0127,ASIA_HL,07:00-10:00,1.5,2,NEXT_OPEN,MICROSTRUCTURE_SAFE,FIXED_2.0R
V49_7B_0128,ASIA_HL,08:00-11:00,2.0,1,NEXT_OPEN,WICK_EXTREME_1.5P,FIXED_2.5R
V49_7B_0129,ASIA_HL,09:00-12:00,2.5,2,NEXT_OPEN,WICK_EXTREME_1.5P,FIXED_2.0R
V49_7B_0130,ASIA_HL,09:00-12:00,2.5,2,MIDPOINT_STOP,WICK_EXTREME_1.5P,FIXED_2.5R
V49_7B_0131,LONDON_HL,07:00-10:00,2.2,3,NEXT_OPEN,MICROSTRUCTURE_SAFE,FIXED_1.5R
V49_7B_0132,LONDON_HL,09:00-12:00,1.5,2,NEXT_OPEN,MICROSTRUCTURE_SAFE,FIXED_2.0R
V49_7B_0133,LONDON_HL,08:00-11:00,1.8,1,MIDPOINT_STOP,WICK_EXTREME_1.5P,FIXED_1.5R
V49_7B_0134,LONDON_HL,07:00-10:00,1.5,1,NEXT_OPEN,MICROSTRUCTURE_SAFE,FIXED_1.5R
V49_7B_0135,LONDON_HL,09:00-12:00,2.0,2,NEXT_OPEN,WICK_EXTREME_1.5P,FIXED_1.5R
V49_7B_0136,ASIA_HL,08:00-11:00,1.5,1,MIDPOINT_STOP,MICROSTRUCTURE_SAFE,FIXED_2.5R
V49_7B_0137,LONDON_HL,07:00-10:00,1.5,1,MIDPOINT_STOP,WICK_EXTREME_2.0P,FIXED_1.5R
V49_7B_0138,ASIA_HL,08:00-11:00,2.2,1,NEXT_OPEN,WICK_EXTREME_2.0P,FIXED_2.5R
V49_7B_0139,ASIA_HL,09:00-12:00,2.0,2,NEXT_OPEN,WICK_EXTREME_1.5P,FIXED_1.5R
V49_7B_0140,ASIA_HL,09:00-12:00,3.0,1,NEXT_OPEN,WICK_EXTREME_2.0P,FIXED_2.5R
V49_7B_0141,LONDON_HL,08:00-11:00,2.5,3,MIDPOINT_STOP,WICK_EXTREME_2.0P,FIXED_2.0R
V49_7B_0142,LONDON_HL,08:00-11:00,2.0,3,MIDPOINT_STOP,WICK_EXTREME_2.0P,FIXED_1.5R
V49_7B_0143,LONDON_HL,09:00-12:00,2.0,3,MIDPOINT_STOP,MICROSTRUCTURE_SAFE,FIXED_2.0R
V49_7B_0144,ASIA_HL,09:00-12:00,3.0,3,MIDPOINT_STOP,WICK_EXTREME_2.0P,FIXED_2.5R
V49_7B_0145,LONDON_HL,08:00-11:00,2.2,1,MIDPOINT_STOP,WICK_EXTREME_1.5P,FIXED_1.5R
V49_7B_0146,ASIA_HL,07:00-10:00,2.5,1,NEXT_OPEN,MICROSTRUCTURE_SAFE,FIXED_1.5R
V49_7B_0147,LONDON_HL,08:00-11:00,2.5,2,NEXT_OPEN,WICK_EXTREME_1.5P,FIXED_1.5R
V49_7B_0148,ASIA_HL,08:00-11:00,1.5,2,MIDPOINT_STOP,WICK_EXTREME_2.0P,FIXED_2.5R
V49_7B_0149,ASIA_HL,09:00-12:00,1.5,1,MIDPOINT_STOP,WICK_EXTREME_2.0P,FIXED_1.5R
V49_7B_0150,ASIA_HL,09:00-12:00,3.0,1,NEXT_OPEN,MICROSTRUCTURE_SAFE,FIXED_1.5R
V49_7B_0151,LONDON_HL,08:00-11:00,2.5,3,MIDPOINT_STOP,WICK_EXTREME_2.0P,FIXED_1.5R
V49_7B_0152,LONDON_HL,08:00-11:00,2.2,1,NEXT_OPEN,MICROSTRUCTURE_SAFE,FIXED_1.5R
V49_7B_0153,ASIA_HL,09:00-12:00,2.2,1,MIDPOINT_STOP,WICK_EXTREME_2.0P,FIXED_2.5R
V49_7B_0154,ASIA_HL,07:00-10:00,2.5,3,MIDPOINT_STOP,WICK_EXTREME_2.0P,FIXED_2.5R
V49_7B_0155,LONDON_HL,07:00-10:00,2.5,3,NEXT_OPEN,WICK_EXTREME_2.0P,FIXED_2.0R
V49_7B_0156,LONDON_HL,07:00-10:00,1.5,1,NEXT_OPEN,WICK_EXTREME_2.0P,FIXED_2.0R
V49_7B_0157,ASIA_HL,08:00-11:00,1.8,3,MIDPOINT_STOP,WICK_EXTREME_1.5P,FIXED_1.5R
V49_7B_0158,ASIA_HL,09:00-12:00,2.5,3,MIDPOINT_STOP,MICROSTRUCTURE_SAFE,FIXED_2.0R
V49_7B_0159,ASIA_HL,09:00-12:00,2.5,1,MIDPOINT_STOP,WICK_EXTREME_1.5P,FIXED_2.0R
V49_7B_0160,ASIA_HL,07:00-10:00,1.5,1,MIDPOINT_STOP,WICK_EXTREME_2.0P,FIXED_2.5R
V49_7B_0161,ASIA_HL,09:00-12:00,2.5,2,NEXT_OPEN,WICK_EXTREME_2.0P,FIXED_2.0R
V49_7B_0162,ASIA_HL,07:00-10:00,2.5,3,NEXT_OPEN,WICK_EXTREME_2.0P,FIXED_2.0R
V49_7B_0163,ASIA_HL,08:00-11:00,1.5,3,NEXT_OPEN,WICK_EXTREME_1.5P,FIXED_2.0R
V49_7B_0164,ASIA_HL,09:00-12:00,2.0,3,NEXT_OPEN,MICROSTRUCTURE_SAFE,FIXED_1.5R
V49_7B_0165,LONDON_HL,09:00-12:00,2.0,2,NEXT_OPEN,WICK_EXTREME_2.0P,FIXED_2.0R
V49_7B_0166,LONDON_HL,07:00-10:00,2.5,1,MIDPOINT_STOP,WICK_EXTREME_1.5P,FIXED_2.5R
V49_7B_0167,ASIA_HL,09:00-12:00,2.0,2,NEXT_OPEN,MICROSTRUCTURE_SAFE,FIXED_2.0R
V49_7B_0168,LONDON_HL,07:00-10:00,2.2,1,NEXT_OPEN,MICROSTRUCTURE_SAFE,FIXED_2.0R
V49_7B_0169,LONDON_HL,09:00-12:00,3.0,3,MIDPOINT_STOP,WICK_EXTREME_2.0P,FIXED_1.5R
V49_7B_0170,ASIA_HL,07:00-10:00,2.2,3,NEXT_OPEN,MICROSTRUCTURE_SAFE,FIXED_2.5R
V49_7B_0171,LONDON_HL,07:00-10:00,3.0,3,MIDPOINT_STOP,MICROSTRUCTURE_SAFE,FIXED_2.5R
V49_7B_0172,LONDON_HL,08:00-11:00,1.8,1,MIDPOINT_STOP,MICROSTRUCTURE_SAFE,FIXED_2.5R
V49_7B_0173,LONDON_HL,08:00-11:00,1.8,1,NEXT_OPEN,WICK_EXTREME_1.5P,FIXED_2.5R
V49_7B_0174,ASIA_HL,07:00-10:00,1.5,2,MIDPOINT_STOP,MICROSTRUCTURE_SAFE,FIXED_1.5R
V49_7B_0175,LONDON_HL,08:00-11:00,2.0,1,NEXT_OPEN,WICK_EXTREME_1.5P,FIXED_2.5R
V49_7B_0176,LONDON_HL,09:00-12:00,1.8,1,MIDPOINT_STOP,WICK_EXTREME_1.5P,FIXED_2.5R
V49_7B_0177,LONDON_HL,07:00-10:00,2.2,2,MIDPOINT_STOP,WICK_EXTREME_2.0P,FIXED_2.0R
V49_7B_0178,ASIA_HL,07:00-10:00,1.5,2,NEXT_OPEN,MICROSTRUCTURE_SAFE,FIXED_2.5R
V49_7B_0179,ASIA_HL,07:00-10:00,3.0,3,NEXT_OPEN,WICK_EXTREME_1.5P,FIXED_1.5R
V49_7B_0180,ASIA_HL,09:00-12:00,3.0,3,NEXT_OPEN,MICROSTRUCTURE_SAFE,FIXED_2.5R
V49_7B_0181,ASIA_HL,09:00-12:00,1.8,2,NEXT_OPEN,MICROSTRUCTURE_SAFE,FIXED_1.5R
V49_7B_0182,LONDON_HL,08:00-11:00,2.0,1,MIDPOINT_STOP,WICK_EXTREME_2.0P,FIXED_2.5R
V49_7B_0183,ASIA_HL,07:00-10:00,2.0,3,NEXT_OPEN,MICROSTRUCTURE_SAFE,FIXED_2.5R
V49_7B_0184,ASIA_HL,09:00-12:00,2.0,1,MIDPOINT_STOP,MICROSTRUCTURE_SAFE,FIXED_2.5R
V49_7B_0185,ASIA_HL,07:00-10:00,2.0,2,NEXT_OPEN,MICROSTRUCTURE_SAFE,FIXED_2.5R
V49_7B_0186,ASIA_HL,08:00-11:00,2.5,3,NEXT_OPEN,MICROSTRUCTURE_SAFE,FIXED_2.5R
V49_7B_0187,LONDON_HL,09:00-12:00,1.8,2,NEXT_OPEN,WICK_EXTREME_2.0P,FIXED_1.5R
V49_7B_0188,ASIA_HL,08:00-11:00,2.0,3,MIDPOINT_STOP,WICK_EXTREME_1.5P,FIXED_2.0R
V49_7B_0189,ASIA_HL,07:00-10:00,2.0,3,MIDPOINT_STOP,WICK_EXTREME_1.5P,FIXED_2.5R
V49_7B_0190,LONDON_HL,08:00-11:00,1.8,3,NEXT_OPEN,WICK_EXTREME_2.0P,FIXED_1.5R
V49_7B_0191,ASIA_HL,09:00-12:00,2.5,3,NEXT_OPEN,MICROSTRUCTURE_SAFE,FIXED_1.5R
V49_7B_0192,ASIA_HL,09:00-12:00,1.5,2,NEXT_OPEN,WICK_EXTREME_1.5P,FIXED_2.0R
V49_7B_0193,ASIA_HL,07:00-10:00,3.0,3,NEXT_OPEN,WICK_EXTREME_1.5P,FIXED_2.0R
V49_7B_0194,LONDON_HL,08:00-11:00,1.8,1,NEXT_OPEN,WICK_EXTREME_2.0P,FIXED_2.5R
V49_7B_0195,LONDON_HL,07:00-10:00,1.8,2,NEXT_OPEN,WICK_EXTREME_1.5P,FIXED_1.5R
V49_7B_0196,ASIA_HL,09:00-12:00,2.2,1,MIDPOINT_STOP,WICK_EXTREME_1.5P,FIXED_2.0R
V49_7B_0197,ASIA_HL,08:00-11:00,3.0,1,NEXT_OPEN,WICK_EXTREME_1.5P,FIXED_2.5R
V49_7B_0198,ASIA_HL,09:00-12:00,1.5,1,MIDPOINT_STOP,WICK_EXTREME_1.5P,FIXED_1.5R
V49_7B_0199,LONDON_HL,09:00-12:00,2.2,2,NEXT_OPEN,MICROSTRUCTURE_SAFE,FIXED_1.5R
V49_7B_0200,LONDON_HL,08:00-11:00,2.2,1,MIDPOINT_STOP,WICK_EXTREME_2.0P,FIXED_1.5R
V49_7B_0201,LONDON_HL,09:00-12:00,1.5,2,MIDPOINT_STOP,WICK_EXTREME_1.5P,FIXED_1.5R
V49_7B_0202,ASIA_HL,08:00-11:00,2.0,1,NEXT_OPEN,WICK_EXTREME_2.0P,FIXED_1.5R
V49_7B_0203,ASIA_HL,07:00-10:00,1.5,2,MIDPOINT_STOP,WICK_EXTREME_1.5P,FIXED_2.0R
V49_7B_0204,ASIA_HL,07:00-10:00,3.0,2,MIDPOINT_STOP,MICROSTRUCTURE_SAFE,FIXED_1.5R
V49_7B_0205,ASIA_HL,08:00-11:00,2.0,3,NEXT_OPEN,WICK_EXTREME_1.5P,FIXED_2.0R
V49_7B_0206,LONDON_HL,09:00-12:00,2.2,3,MIDPOINT_STOP,WICK_EXTREME_2.0P,FIXED_2.5R
V49_7B_0207,ASIA_HL,09:00-12:00,2.2,3,MIDPOINT_STOP,WICK_EXTREME_2.0P,FIXED_1.5R
V49_7B_0208,ASIA_HL,09:00-12:00,2.2,2,NEXT_OPEN,WICK_EXTREME_1.5P,FIXED_2.0R
V49_7B_0209,ASIA_HL,09:00-12:00,3.0,3,MIDPOINT_STOP,MICROSTRUCTURE_SAFE,FIXED_2.0R
V49_7B_0210,ASIA_HL,07:00-10:00,2.0,2,NEXT_OPEN,MICROSTRUCTURE_SAFE,FIXED_2.0R
V49_7B_0211,LONDON_HL,08:00-11:00,3.0,2,MIDPOINT_STOP,WICK_EXTREME_1.5P,FIXED_2.5R
V49_7B_0212,LONDON_HL,07:00-10:00,2.0,1,MIDPOINT_STOP,WICK_EXTREME_2.0P,FIXED_1.5R
V49_7B_0213,LONDON_HL,09:00-12:00,2.0,2,MIDPOINT_STOP,MICROSTRUCTURE_SAFE,FIXED_2.5R
V49_7B_0214,ASIA_HL,09:00-12:00,2.2,1,MIDPOINT_STOP,MICROSTRUCTURE_SAFE,FIXED_2.0R
V49_7B_0215,LONDON_HL,07:00-10:00,1.5,2,NEXT_OPEN,WICK_EXTREME_1.5P,FIXED_2.0R
V49_7B_0216,LONDON_HL,07:00-10:00,2.2,1,NEXT_OPEN,WICK_EXTREME_2.0P,FIXED_2.0R
V49_7B_0217,LONDON_HL,08:00-11:00,2.2,3,MIDPOINT_STOP,WICK_EXTREME_1.5P,FIXED_2.0R
V49_7B_0218,ASIA_HL,08:00-11:00,2.2,3,NEXT_OPEN,WICK_EXTREME_2.0P,FIXED_2.5R
V49_7B_0219,ASIA_HL,07:00-10:00,3.0,2,NEXT_OPEN,MICROSTRUCTURE_SAFE,FIXED_1.5R
V49_7B_0220,ASIA_HL,08:00-11:00,3.0,3,MIDPOINT_STOP,WICK_EXTREME_1.5P,FIXED_1.5R
V49_7B_0221,LONDON_HL,08:00-11:00,2.0,3,MIDPOINT_STOP,WICK_EXTREME_2.0P,FIXED_2.0R
V49_7B_0222,ASIA_HL,07:00-10:00,2.2,2,MIDPOINT_STOP,WICK_EXTREME_1.5P,FIXED_2.0R
V49_7B_0223,ASIA_HL,08:00-11:00,2.2,3,NEXT_OPEN,MICROSTRUCTURE_SAFE,FIXED_2.0R
V49_7B_0224,LONDON_HL,08:00-11:00,2.2,3,NEXT_OPEN,WICK_EXTREME_1.5P,FIXED_2.0R
V49_7B_0225,ASIA_HL,08:00-11:00,2.0,1,NEXT_OPEN,WICK_EXTREME_2.0P,FIXED_2.0R
V49_7B_0226,LONDON_HL,07:00-10:00,3.0,2,MIDPOINT_STOP,WICK_EXTREME_1.5P,FIXED_2.0R
V49_7B_0227,LONDON_HL,07:00-10:00,2.0,1,MIDPOINT_STOP,WICK_EXTREME_2.0P,FIXED_2.0R
V49_7B_0228,LONDON_HL,09:00-12:00,3.0,1,MIDPOINT_STOP,WICK_EXTREME_2.0P,FIXED_2.0R
V49_7B_0229,LONDON_HL,08:00-11:00,3.0,3,NEXT_OPEN,MICROSTRUCTURE_SAFE,FIXED_2.0R
V49_7B_0230,ASIA_HL,08:00-11:00,2.0,2,MIDPOINT_STOP,WICK_EXTREME_2.0P,FIXED_2.5R
V49_7B_0231,ASIA_HL,07:00-10:00,1.8,1,MIDPOINT_STOP,MICROSTRUCTURE_SAFE,FIXED_2.0R
V49_7B_0232,LONDON_HL,08:00-11:00,3.0,2,MIDPOINT_STOP,WICK_EXTREME_1.5P,FIXED_1.5R
V49_7B_0233,LONDON_HL,07:00-10:00,1.5,1,MIDPOINT_STOP,WICK_EXTREME_1.5P,FIXED_2.5R
V49_7B_0234,ASIA_HL,08:00-11:00,2.5,1,MIDPOINT_STOP,WICK_EXTREME_1.5P,FIXED_1.5R
V49_7B_0235,ASIA_HL,07:00-10:00,1.5,1,NEXT_OPEN,WICK_EXTREME_2.0P,FIXED_2.5R
V49_7B_0236,LONDON_HL,08:00-11:00,2.0,1,NEXT_OPEN,MICROSTRUCTURE_SAFE,FIXED_1.5R
V49_7B_0237,LONDON_HL,07:00-10:00,2.2,2,MIDPOINT_STOP,WICK_EXTREME_1.5P,FIXED_1.5R
V49_7B_0238,ASIA_HL,08:00-11:00,3.0,1,MIDPOINT_STOP,MICROSTRUCTURE_SAFE,FIXED_2.5R
V49_7B_0239,LONDON_HL,08:00-11:00,1.8,2,MIDPOINT_STOP,WICK_EXTREME_2.0P,FIXED_2.5R
V49_7B_0240,LONDON_HL,09:00-12:00,3.0,2,MIDPOINT_STOP,WICK_EXTREME_1.5P,FIXED_2.5R
V49_7B_0241,ASIA_HL,08:00-11:00,3.0,3,MIDPOINT_STOP,WICK_EXTREME_2.0P,FIXED_2.5R
V49_7B_0242,ASIA_HL,08:00-11:00,3.0,1,MIDPOINT_STOP,WICK_EXTREME_2.0P,FIXED_2.0R
V49_7B_0243,ASIA_HL,09:00-12:00,2.0,1,NEXT_OPEN,WICK_EXTREME_2.0P,FIXED_1.5R
V49_7B_0244,LONDON_HL,07:00-10:00,2.0,1,NEXT_OPEN,MICROSTRUCTURE_SAFE,FIXED_1.5R
V49_7B_0245,ASIA_HL,08:00-11:00,2.0,3,NEXT_OPEN,WICK_EXTREME_2.0P,FIXED_1.5R
V49_7B_0246,LONDON_HL,09:00-12:00,2.0,3,MIDPOINT_STOP,WICK_EXTREME_1.5P,FIXED_1.5R
V49_7B_0247,ASIA_HL,09:00-12:00,3.0,2,MIDPOINT_STOP,WICK_EXTREME_1.5P,FIXED_2.5R
V49_7B_0248,LONDON_HL,07:00-10:00,2.5,1,MIDPOINT_STOP,WICK_EXTREME_2.0P,FIXED_2.0R
V49_7B_0249,LONDON_HL,07:00-10:00,3.0,2,NEXT_OPEN,WICK_EXTREME_2.0P,FIXED_1.5R
V49_7B_0250,ASIA_HL,07:00-10:00,1.5,3,MIDPOINT_STOP,WICK_EXTREME_1.5P,FIXED_2.0R
V49_7B_0251,ASIA_HL,07:00-10:00,2.5,1,NEXT_OPEN,WICK_EXTREME_1.5P,FIXED_2.5R
V49_7B_0252,LONDON_HL,08:00-11:00,3.0,1,MIDPOINT_STOP,WICK_EXTREME_1.5P,FIXED_2.0R
V49_7B_0253,ASIA_HL,08:00-11:00,1.8,1,NEXT_OPEN,MICROSTRUCTURE_SAFE,FIXED_2.5R
V49_7B_0254,ASIA_HL,09:00-12:00,3.0,1,MIDPOINT_STOP,WICK_EXTREME_1.5P,FIXED_2.5R
V49_7B_0255,LONDON_HL,09:00-12:00,2.0,3,MIDPOINT_STOP,WICK_EXTREME_1.5P,FIXED_2.5R
V49_7B_0256,LONDON_HL,09:00-12:00,2.2,1,MIDPOINT_STOP,WICK_EXTREME_2.0P,FIXED_2.0R
V49_7B_0257,LONDON_HL,08:00-11:00,1.5,1,NEXT_OPEN,WICK_EXTREME_2.0P,FIXED_1.5R
V49_7B_0258,LONDON_HL,09:00-12:00,2.0,3,NEXT_OPEN,MICROSTRUCTURE_SAFE,FIXED_2.5R
V49_7B_0259,ASIA_HL,07:00-10:00,2.5,3,NEXT_OPEN,WICK_EXTREME_1.5P,FIXED_2.0R
V49_7B_0260,ASIA_HL,07:00-10:00,1.5,1,NEXT_OPEN,WICK_EXTREME_1.5P,FIXED_2.0R
V49_7B_0261,ASIA_HL,08:00-11:00,1.5,2,MIDPOINT_STOP,WICK_EXTREME_1.5P,FIXED_1.5R
V49_7B_0262,LONDON_HL,09:00-12:00,3.0,1,MIDPOINT_STOP,WICK_EXTREME_2.0P,FIXED_1.5R
V49_7B_0263,ASIA_HL,08:00-11:00,1.8,1,MIDPOINT_STOP,MICROSTRUCTURE_SAFE,FIXED_2.5R
V49_7B_0264,ASIA_HL,08:00-11:00,3.0,3,MIDPOINT_STOP,WICK_EXTREME_2.0P,FIXED_2.0R
V49_7B_0265,ASIA_HL,08:00-11:00,2.2,2,NEXT_OPEN,MICROSTRUCTURE_SAFE,FIXED_1.5R
V49_7B_0266,ASIA_HL,07:00-10:00,2.0,3,NEXT_OPEN,WICK_EXTREME_1.5P,FIXED_1.5R
V49_7B_0267,LONDON_HL,08:00-11:00,2.2,2,MIDPOINT_STOP,WICK_EXTREME_1.5P,FIXED_2.5R
V49_7B_0268,LONDON_HL,09:00-12:00,2.0,1,MIDPOINT_STOP,MICROSTRUCTURE_SAFE,FIXED_2.0R
V49_7B_0269,LONDON_HL,09:00-12:00,3.0,3,NEXT_OPEN,WICK_EXTREME_1.5P,FIXED_2.5R
V49_7B_0270,ASIA_HL,09:00-12:00,1.5,3,MIDPOINT_STOP,WICK_EXTREME_1.5P,FIXED_1.5R
V49_7B_0271,LONDON_HL,08:00-11:00,1.5,3,MIDPOINT_STOP,MICROSTRUCTURE_SAFE,FIXED_2.0R
V49_7B_0272,LONDON_HL,09:00-12:00,3.0,2,MIDPOINT_STOP,WICK_EXTREME_2.0P,FIXED_2.0R
V49_7B_0273,ASIA_HL,07:00-10:00,2.5,3,MIDPOINT_STOP,WICK_EXTREME_1.5P,FIXED_2.5R
V49_7B_0274,LONDON_HL,08:00-11:00,2.0,3,MIDPOINT_STOP,WICK_EXTREME_1.5P,FIXED_1.5R
V49_7B_0275,ASIA_HL,08:00-11:00,2.5,3,MIDPOINT_STOP,MICROSTRUCTURE_SAFE,FIXED_1.5R
V49_7B_0276,ASIA_HL,07:00-10:00,2.0,2,MIDPOINT_STOP,MICROSTRUCTURE_SAFE,FIXED_2.0R
V49_7B_0277,LONDON_HL,09:00-12:00,3.0,3,NEXT_OPEN,MICROSTRUCTURE_SAFE,FIXED_1.5R
V49_7B_0278,ASIA_HL,09:00-12:00,2.2,3,MIDPOINT_STOP,WICK_EXTREME_2.0P,FIXED_2.5R
V49_7B_0279,ASIA_HL,07:00-10:00,2.2,3,MIDPOINT_STOP,WICK_EXTREME_2.0P,FIXED_2.0R
V49_7B_0280,ASIA_HL,09:00-12:00,3.0,3,NEXT_OPEN,WICK_EXTREME_2.0P,FIXED_2.5R
V49_7B_0281,LONDON_HL,09:00-12:00,2.0,2,MIDPOINT_STOP,WICK_EXTREME_1.5P,FIXED_1.5R
V49_7B_0282,ASIA_HL,07:00-10:00,2.5,2,NEXT_OPEN,WICK_EXTREME_1.5P,FIXED_1.5R
V49_7B_0283,LONDON_HL,08:00-11:00,1.5,1,NEXT_OPEN,WICK_EXTREME_2.0P,FIXED_2.5R
V49_7B_0284,ASIA_HL,09:00-12:00,2.2,2,NEXT_OPEN,WICK_EXTREME_2.0P,FIXED_1.5R
V49_7B_0285,LONDON_HL,09:00-12:00,2.0,2,NEXT_OPEN,WICK_EXTREME_1.5P,FIXED_2.0R
V49_7B_0286,ASIA_HL,07:00-10:00,2.2,2,MIDPOINT_STOP,MICROSTRUCTURE_SAFE,FIXED_1.5R
V49_7B_0287,ASIA_HL,09:00-12:00,2.2,3,MIDPOINT_STOP,MICROSTRUCTURE_SAFE,FIXED_1.5R
V49_7B_0288,ASIA_HL,09:00-12:00,1.8,1,NEXT_OPEN,WICK_EXTREME_1.5P,FIXED_1.5R
V49_7B_0289,LONDON_HL,07:00-10:00,1.8,3,MIDPOINT_STOP,WICK_EXTREME_1.5P,FIXED_1.5R
V49_7B_0290,LONDON_HL,07:00-10:00,2.0,3,NEXT_OPEN,WICK_EXTREME_1.5P,FIXED_2.0R
V49_7B_0291,ASIA_HL,07:00-10:00,1.8,1,NEXT_OPEN,MICROSTRUCTURE_SAFE,FIXED_1.5R
V49_7B_0292,ASIA_HL,08:00-11:00,2.5,1,MIDPOINT_STOP,WICK_EXTREME_1.5P,FIXED_2.0R
V49_7B_0293,ASIA_HL,09:00-12:00,2.0,3,NEXT_OPEN,WICK_EXTREME_1.5P,FIXED_2.0R
V49_7B_0294,ASIA_HL,07:00-10:00,1.8,3,MIDPOINT_STOP,WICK_EXTREME_2.0P,FIXED_2.0R
V49_7B_0295,LONDON_HL,08:00-11:00,1.8,3,MIDPOINT_STOP,WICK_EXTREME_1.5P,FIXED_2.0R
V49_7B_0296,LONDON_HL,07:00-10:00,2.5,1,NEXT_OPEN,WICK_EXTREME_1.5P,FIXED_2.0R
V49_7B_0297,LONDON_HL,08:00-11:00,1.5,1,MIDPOINT_STOP,MICROSTRUCTURE_SAFE,FIXED_1.5R
V49_7B_0298,ASIA_HL,08:00-11:00,3.0,1,NEXT_OPEN,WICK_EXTREME_2.0P,FIXED_1.5R
V49_7B_0299,LONDON_HL,07:00-10:00,1.8,1,MIDPOINT_STOP,WICK_EXTREME_1.5P,FIXED_2.5R
V49_7B_0300,ASIA_HL,09:00-12:00,1.8,2,MIDPOINT_STOP,WICK_EXTREME_1.5P,FIXED_2.0R
V49_7B_0301,LONDON_HL,07:00-10:00,1.8,2,MIDPOINT_STOP,WICK_EXTREME_1.5P,FIXED_2.0R
V49_7B_0302,LONDON_HL,07:00-10:00,1.8,1,NEXT_OPEN,WICK_EXTREME_1.5P,FIXED_1.5R
V49_7B_0303,ASIA_HL,08:00-11:00,2.5,1,MIDPOINT_STOP,MICROSTRUCTURE_SAFE,FIXED_2.5R
V49_7B_0304,LONDON_HL,08:00-11:00,2.0,3,NEXT_OPEN,WICK_EXTREME_1.5P,FIXED_1.5R
V49_7B_0305,ASIA_HL,08:00-11:00,3.0,1,MIDPOINT_STOP,WICK_EXTREME_2.0P,FIXED_1.5R
V49_7B_0306,LONDON_HL,07:00-10:00,2.5,2,MIDPOINT_STOP,WICK_EXTREME_2.0P,FIXED_1.5R
V49_7B_0307,ASIA_HL,07:00-10:00,3.0,3,MIDPOINT_STOP,MICROSTRUCTURE_SAFE,FIXED_2.0R
V49_7B_0308,LONDON_HL,09:00-12:00,2.2,1,MIDPOINT_STOP,MICROSTRUCTURE_SAFE,FIXED_2.5R
V49_7B_0309,ASIA_HL,09:00-12:00,1.8,1,NEXT_OPEN,WICK_EXTREME_1.5P,FIXED_2.0R
V49_7B_0310,ASIA_HL,09:00-12:00,1.5,1,MIDPOINT_STOP,WICK_EXTREME_2.0P,FIXED_2.0R
V49_7B_0311,LONDON_HL,08:00-11:00,3.0,1,MIDPOINT_STOP,MICROSTRUCTURE_SAFE,FIXED_1.5R
V49_7B_0312,ASIA_HL,09:00-12:00,1.8,1,MIDPOINT_STOP,WICK_EXTREME_1.5P,FIXED_1.5R
V49_7B_0313,ASIA_HL,07:00-10:00,1.8,3,NEXT_OPEN,WICK_EXTREME_2.0P,FIXED_2.5R
V49_7B_0314,LONDON_HL,07:00-10:00,1.5,2,MIDPOINT_STOP,MICROSTRUCTURE_SAFE,FIXED_1.5R
V49_7B_0315,ASIA_HL,08:00-11:00,1.5,1,MIDPOINT_STOP,WICK_EXTREME_1.5P,FIXED_1.5R
V49_7B_0316,LONDON_HL,08:00-11:00,2.5,2,MIDPOINT_STOP,MICROSTRUCTURE_SAFE,FIXED_2.0R
V49_7B_0317,LONDON_HL,08:00-11:00,2.2,2,NEXT_OPEN,WICK_EXTREME_1.5P,FIXED_2.0R
V49_7B_0318,LONDON_HL,09:00-12:00,2.5,2,NEXT_OPEN,WICK_EXTREME_2.0P,FIXED_2.0R
V49_7B_0319,LONDON_HL,08:00-11:00,2.0,1,NEXT_OPEN,WICK_EXTREME_1.5P,FIXED_1.5R
V49_7B_0320,LONDON_HL,07:00-10:00,1.5,3,MIDPOINT_STOP,WICK_EXTREME_2.0P,FIXED_2.0R
V49_7B_0321,LONDON_HL,09:00-12:00,1.8,1,NEXT_OPEN,WICK_EXTREME_2.0P,FIXED_2.0R
V49_7B_0322,LONDON_HL,08:00-11:00,2.0,1,MIDPOINT_STOP,MICROSTRUCTURE_SAFE,FIXED_2.5R
V49_7B_0323,ASIA_HL,07:00-10:00,2.5,2,NEXT_OPEN,MICROSTRUCTURE_SAFE,FIXED_1.5R
V49_7B_0324,LONDON_HL,09:00-12:00,1.8,2,MIDPOINT_STOP,MICROSTRUCTURE_SAFE,FIXED_2.0R
V49_7B_0325,ASIA_HL,07:00-10:00,2.0,3,MIDPOINT_STOP,WICK_EXTREME_2.0P,FIXED_2.0R
V49_7B_0326,ASIA_HL,09:00-12:00,3.0,2,NEXT_OPEN,MICROSTRUCTURE_SAFE,FIXED_2.0R
V49_7B_0327,LONDON_HL,09:00-12:00,3.0,2,MIDPOINT_STOP,WICK_EXTREME_1.5P,FIXED_2.0R
V49_7B_0328,ASIA_HL,07:00-10:00,1.8,2,MIDPOINT_STOP,WICK_EXTREME_1.5P,FIXED_1.5R
V49_7B_0329,ASIA_HL,08:00-11:00,2.5,2,NEXT_OPEN,WICK_EXTREME_2.0P,FIXED_1.5R
V49_7B_0330,ASIA_HL,09:00-12:00,1.5,2,NEXT_OPEN,WICK_EXTREME_2.0P,FIXED_2.5R
V49_7B_0331,ASIA_HL,08:00-11:00,1.8,3,NEXT_OPEN,MICROSTRUCTURE_SAFE,FIXED_1.5R
V49_7B_0332,LONDON_HL,07:00-10:00,1.8,1,MIDPOINT_STOP,MICROSTRUCTURE_SAFE,FIXED_2.5R
V49_7B_0333,LONDON_HL,09:00-12:00,2.0,2,MIDPOINT_STOP,WICK_EXTREME_1.5P,FIXED_2.5R
V49_7B_0334,ASIA_HL,07:00-10:00,3.0,3,NEXT_OPEN,WICK_EXTREME_2.0P,FIXED_2.5R
V49_7B_0335,ASIA_HL,07:00-10:00,1.8,1,NEXT_OPEN,WICK_EXTREME_2.0P,FIXED_2.0R
V49_7B_0336,LONDON_HL,09:00-12:00,2.2,3,NEXT_OPEN,MICROSTRUCTURE_SAFE,FIXED_1.5R
V49_7B_0337,ASIA_HL,07:00-10:00,2.5,1,MIDPOINT_STOP,MICROSTRUCTURE_SAFE,FIXED_2.0R
V49_7B_0338,ASIA_HL,07:00-10:00,1.5,1,NEXT_OPEN,WICK_EXTREME_2.0P,FIXED_1.5R
V49_7B_0339,ASIA_HL,08:00-11:00,1.8,3,NEXT_OPEN,WICK_EXTREME_2.0P,FIXED_2.0R
V49_7B_0340,ASIA_HL,07:00-10:00,2.5,1,NEXT_OPEN,WICK_EXTREME_1.5P,FIXED_2.0R
V49_7B_0341,ASIA_HL,09:00-12:00,1.5,3,MIDPOINT_STOP,MICROSTRUCTURE_SAFE,FIXED_2.5R
V49_7B_0342,LONDON_HL,08:00-11:00,2.0,1,NEXT_OPEN,WICK_EXTREME_2.0P,FIXED_2.0R
V49_7B_0343,ASIA_HL,07:00-10:00,2.0,1,MIDPOINT_STOP,MICROSTRUCTURE_SAFE,FIXED_2.0R
V49_7B_0344,LONDON_HL,07:00-10:00,3.0,1,MIDPOINT_STOP,WICK_EXTREME_2.0P,FIXED_1.5R
V49_7B_0345,LONDON_HL,08:00-11:00,1.8,2,NEXT_OPEN,MICROSTRUCTURE_SAFE,FIXED_1.5R
V49_7B_0346,LONDON_HL,07:00-10:00,1.8,1,MIDPOINT_STOP,WICK_EXTREME_2.0P,FIXED_2.0R
V49_7B_0347,LONDON_HL,08:00-11:00,2.5,1,MIDPOINT_STOP,WICK_EXTREME_1.5P,FIXED_2.5R
V49_7B_0348,LONDON_HL,09:00-12:00,2.2,1,NEXT_OPEN,WICK_EXTREME_2.0P,FIXED_2.5R
V49_7B_0349,ASIA_HL,07:00-10:00,2.2,2,NEXT_OPEN,MICROSTRUCTURE_SAFE,FIXED_2.5R
V49_7B_0350,LONDON_HL,07:00-10:00,2.2,1,MIDPOINT_STOP,WICK_EXTREME_1.5P,FIXED_2.5R
V49_7B_0351,LONDON_HL,07:00-10:00,2.2,1,MIDPOINT_STOP,MICROSTRUCTURE_SAFE,FIXED_2.5R
V49_7B_0352,LONDON_HL,08:00-11:00,1.8,3,MIDPOINT_STOP,MICROSTRUCTURE_SAFE,FIXED_2.5R
V49_7B_0353,ASIA_HL,08:00-11:00,2.2,1,NEXT_OPEN,WICK_EXTREME_1.5P,FIXED_2.0R
V49_7B_0354,LONDON_HL,09:00-12:00,2.0,1,MIDPOINT_STOP,WICK_EXTREME_1.5P,FIXED_1.5R
V49_7B_0355,LONDON_HL,08:00-11:00,2.5,1,NEXT_OPEN,MICROSTRUCTURE_SAFE,FIXED_2.0R
V49_7B_0356,ASIA_HL,08:00-11:00,2.0,3,NEXT_OPEN,MICROSTRUCTURE_SAFE,FIXED_2.5R
V49_7B_0357,LONDON_HL,09:00-12:00,2.2,3,NEXT_OPEN,WICK_EXTREME_1.5P,FIXED_1.5R
V49_7B_0358,LONDON_HL,07:00-10:00,1.5,1,NEXT_OPEN,MICROSTRUCTURE_SAFE,FIXED_2.5R
V49_7B_0359,LONDON_HL,09:00-12:00,2.5,1,NEXT_OPEN,MICROSTRUCTURE_SAFE,FIXED_2.5R
V49_7B_0360,LONDON_HL,09:00-12:00,1.8,1,NEXT_OPEN,WICK_EXTREME_1.5P,FIXED_2.0R
V49_7B_0361,ASIA_HL,08:00-11:00,3.0,2,MIDPOINT_STOP,WICK_EXTREME_1.5P,FIXED_2.5R
V49_7B_0362,LONDON_HL,07:00-10:00,2.2,1,MIDPOINT_STOP,WICK_EXTREME_2.0P,FIXED_2.0R
V49_7B_0363,ASIA_HL,09:00-12:00,1.8,2,MIDPOINT_STOP,WICK_EXTREME_2.0P,FIXED_2.0R
V49_7B_0364,ASIA_HL,09:00-12:00,1.5,1,MIDPOINT_STOP,MICROSTRUCTURE_SAFE,FIXED_2.5R
V49_7B_0365,LONDON_HL,09:00-12:00,2.0,1,MIDPOINT_STOP,WICK_EXTREME_1.5P,FIXED_2.0R
V49_7B_0366,ASIA_HL,07:00-10:00,2.0,3,MIDPOINT_STOP,MICROSTRUCTURE_SAFE,FIXED_2.5R
V49_7B_0367,ASIA_HL,08:00-11:00,2.2,3,MIDPOINT_STOP,WICK_EXTREME_2.0P,FIXED_2.0R
V49_7B_0368,ASIA_HL,08:00-11:00,2.5,3,NEXT_OPEN,WICK_EXTREME_2.0P,FIXED_1.5R
V49_7B_0369,ASIA_HL,07:00-10:00,1.8,3,NEXT_OPEN,MICROSTRUCTURE_SAFE,FIXED_2.5R
V49_7B_0370,LONDON_HL,08:00-11:00,1.8,2,MIDPOINT_STOP,WICK_EXTREME_1.5P,FIXED_2.5R
V49_7B_0371,LONDON_HL,07:00-10:00,1.5,3,NEXT_OPEN,MICROSTRUCTURE_SAFE,FIXED_2.5R
V49_7B_0372,ASIA_HL,09:00-12:00,2.2,3,MIDPOINT_STOP,WICK_EXTREME_1.5P,FIXED_2.0R
V49_7B_0373,ASIA_HL,09:00-12:00,1.8,3,MIDPOINT_STOP,MICROSTRUCTURE_SAFE,FIXED_1.5R
V49_7B_0374,ASIA_HL,08:00-11:00,1.8,3,NEXT_OPEN,WICK_EXTREME_1.5P,FIXED_2.5R
V49_7B_0375,ASIA_HL,08:00-11:00,2.0,3,NEXT_OPEN,MICROSTRUCTURE_SAFE,FIXED_2.0R
V49_7B_0376,LONDON_HL,07:00-10:00,1.8,2,NEXT_OPEN,WICK_EXTREME_1.5P,FIXED_2.5R
V49_7B_0377,ASIA_HL,07:00-10:00,2.5,3,NEXT_OPEN,WICK_EXTREME_1.5P,FIXED_1.5R
V49_7B_0378,LONDON_HL,07:00-10:00,2.2,1,NEXT_OPEN,MICROSTRUCTURE_SAFE,FIXED_2.5R
V49_7B_0379,LONDON_HL,08:00-11:00,1.8,2,NEXT_OPEN,MICROSTRUCTURE_SAFE,FIXED_2.0R
V49_7B_0380,LONDON_HL,07:00-10:00,3.0,1,MIDPOINT_STOP,MICROSTRUCTURE_SAFE,FIXED_2.5R
V49_7B_0381,LONDON_HL,08:00-11:00,1.5,3,NEXT_OPEN,WICK_EXTREME_1.5P,FIXED_1.5R
V49_7B_0382,ASIA_HL,09:00-12:00,2.5,1,MIDPOINT_STOP,WICK_EXTREME_1.5P,FIXED_2.5R
V49_7B_0383,ASIA_HL,07:00-10:00,1.5,3,NEXT_OPEN,MICROSTRUCTURE_SAFE,FIXED_1.5R
V49_7B_0384,ASIA_HL,08:00-11:00,3.0,3,MIDPOINT_STOP,WICK_EXTREME_1.5P,FIXED_2.5R
V49_7B_0385,ASIA_HL,09:00-12:00,2.5,1,MIDPOINT_STOP,MICROSTRUCTURE_SAFE,FIXED_1.5R
V49_7B_0386,LONDON_HL,07:00-10:00,2.5,2,NEXT_OPEN,WICK_EXTREME_1.5P,FIXED_2.0R
V49_7B_0387,ASIA_HL,07:00-10:00,1.5,1,MIDPOINT_STOP,WICK_EXTREME_2.0P,FIXED_2.0R
V49_7B_0388,ASIA_HL,09:00-12:00,3.0,1,NEXT_OPEN,WICK_EXTREME_1.5P,FIXED_1.5R
V49_7B_0389,ASIA_HL,09:00-12:00,3.0,2,NEXT_OPEN,WICK_EXTREME_1.5P,FIXED_2.5R
V49_7B_0390,ASIA_HL,08:00-11:00,3.0,3,MIDPOINT_STOP,MICROSTRUCTURE_SAFE,FIXED_2.5R
V49_7B_0391,ASIA_HL,09:00-12:00,1.8,2,MIDPOINT_STOP,MICROSTRUCTURE_SAFE,FIXED_1.5R
V49_7B_0392,ASIA_HL,07:00-10:00,2.5,1,NEXT_OPEN,WICK_EXTREME_2.0P,FIXED_1.5R
V49_7B_0393,ASIA_HL,08:00-11:00,3.0,1,NEXT_OPEN,WICK_EXTREME_2.0P,FIXED_2.0R
V49_7B_0394,LONDON_HL,07:00-10:00,1.5,1,NEXT_OPEN,WICK_EXTREME_1.5P,FIXED_1.5R
V49_7B_0395,ASIA_HL,08:00-11:00,2.5,1,NEXT_OPEN,WICK_EXTREME_1.5P,FIXED_2.5R
V49_7B_0396,LONDON_HL,07:00-10:00,2.5,1,NEXT_OPEN,WICK_EXTREME_1.5P,FIXED_2.5R
V49_7B_0397,ASIA_HL,08:00-11:00,1.5,3,NEXT_OPEN,MICROSTRUCTURE_SAFE,FIXED_1.5R
V49_7B_0398,ASIA_HL,09:00-12:00,3.0,1,MIDPOINT_STOP,MICROSTRUCTURE_SAFE,FIXED_2.5R
V49_7B_0399,ASIA_HL,09:00-12:00,2.5,1,NEXT_OPEN,WICK_EXTREME_2.0P,FIXED_1.5R
V49_7B_0400,ASIA_HL,07:00-10:00,1.8,3,MIDPOINT_STOP,MICROSTRUCTURE_SAFE,FIXED_2.0R
V49_7B_0401,ASIA_HL,07:00-10:00,2.0,1,MIDPOINT_STOP,WICK_EXTREME_1.5P,FIXED_1.5R
V49_7B_0402,LONDON_HL,07:00-10:00,2.0,3,NEXT_OPEN,WICK_EXTREME_2.0P,FIXED_2.0R
V49_7B_0403,LONDON_HL,08:00-11:00,1.5,3,NEXT_OPEN,WICK_EXTREME_1.5P,FIXED_2.0R
V49_7B_0404,LONDON_HL,09:00-12:00,3.0,2,MIDPOINT_STOP,WICK_EXTREME_1.5P,FIXED_1.5R
V49_7B_0405,ASIA_HL,07:00-10:00,1.5,1,MIDPOINT_STOP,MICROSTRUCTURE_SAFE,FIXED_2.5R
V49_7B_0406,LONDON_HL,07:00-10:00,2.5,2,NEXT_OPEN,WICK_EXTREME_2.0P,FIXED_2.0R
V49_7B_0407,ASIA_HL,08:00-11:00,2.5,1,MIDPOINT_STOP,MICROSTRUCTURE_SAFE,FIXED_2.0R
V49_7B_0408,ASIA_HL,09:00-12:00,2.2,2,MIDPOINT_STOP,WICK_EXTREME_1.5P,FIXED_2.5R
V49_7B_0409,LONDON_HL,09:00-12:00,2.5,3,MIDPOINT_STOP,WICK_EXTREME_1.5P,FIXED_2.0R
V49_7B_0410,LONDON_HL,09:00-12:00,2.2,2,NEXT_OPEN,MICROSTRUCTURE_SAFE,FIXED_2.5R
V49_7B_0411,LONDON_HL,07:00-10:00,1.8,2,MIDPOINT_STOP,WICK_EXTREME_1.5P,FIXED_2.5R
V49_7B_0412,ASIA_HL,07:00-10:00,1.5,1,NEXT_OPEN,MICROSTRUCTURE_SAFE,FIXED_2.5R
V49_7B_0413,LONDON_HL,09:00-12:00,2.2,3,MIDPOINT_STOP,WICK_EXTREME_2.0P,FIXED_2.0R
V49_7B_0414,ASIA_HL,08:00-11:00,2.2,2,MIDPOINT_STOP,MICROSTRUCTURE_SAFE,FIXED_2.5R
V49_7B_0415,ASIA_HL,07:00-10:00,1.8,2,NEXT_OPEN,WICK_EXTREME_1.5P,FIXED_2.5R
V49_7B_0416,ASIA_HL,08:00-11:00,3.0,1,MIDPOINT_STOP,MICROSTRUCTURE_SAFE,FIXED_1.5R
V49_7B_0417,ASIA_HL,07:00-10:00,2.5,1,NEXT_OPEN,WICK_EXTREME_1.5P,FIXED_1.5R
V49_7B_0418,LONDON_HL,08:00-11:00,2.2,1,MIDPOINT_STOP,MICROSTRUCTURE_SAFE,FIXED_1.5R
V49_7B_0419,ASIA_HL,07:00-10:00,3.0,1,NEXT_OPEN,MICROSTRUCTURE_SAFE,FIXED_2.5R
V49_7B_0420,ASIA_HL,08:00-11:00,3.0,3,NEXT_OPEN,WICK_EXTREME_2.0P,FIXED_1.5R
V49_7B_0421,LONDON_HL,09:00-12:00,2.2,3,MIDPOINT_STOP,WICK_EXTREME_2.0P,FIXED_1.5R
V49_7B_0422,ASIA_HL,07:00-10:00,2.5,1,MIDPOINT_STOP,WICK_EXTREME_2.0P,FIXED_2.0R
V49_7B_0423,ASIA_HL,08:00-11:00,1.8,3,MIDPOINT_STOP,WICK_EXTREME_1.5P,FIXED_2.0R
V49_7B_0424,ASIA_HL,07:00-10:00,2.2,2,MIDPOINT_STOP,MICROSTRUCTURE_SAFE,FIXED_2.5R
V49_7B_0425,LONDON_HL,09:00-12:00,2.5,3,NEXT_OPEN,WICK_EXTREME_1.5P,FIXED_1.5R
V49_7B_0426,LONDON_HL,08:00-11:00,3.0,3,NEXT_OPEN,WICK_EXTREME_1.5P,FIXED_2.0R
V49_7B_0427,LONDON_HL,07:00-10:00,1.5,3,NEXT_OPEN,MICROSTRUCTURE_SAFE,FIXED_2.0R
V49_7B_0428,ASIA_HL,08:00-11:00,2.2,2,MIDPOINT_STOP,WICK_EXTREME_2.0P,FIXED_2.5R
V49_7B_0429,LONDON_HL,08:00-11:00,2.2,3,NEXT_OPEN,WICK_EXTREME_1.5P,FIXED_1.5R
V49_7B_0430,LONDON_HL,07:00-10:00,3.0,2,MIDPOINT_STOP,WICK_EXTREME_2.0P,FIXED_1.5R
V49_7B_0431,LONDON_HL,08:00-11:00,1.5,2,MIDPOINT_STOP,WICK_EXTREME_1.5P,FIXED_2.5R
V49_7B_0432,LONDON_HL,08:00-11:00,2.5,2,NEXT_OPEN,WICK_EXTREME_1.5P,FIXED_2.5R
V49_7B_0433,ASIA_HL,09:00-12:00,2.2,2,MIDPOINT_STOP,WICK_EXTREME_1.5P,FIXED_2.0R
V49_7B_0434,LONDON_HL,08:00-11:00,2.5,3,NEXT_OPEN,WICK_EXTREME_1.5P,FIXED_2.0R
V49_7B_0435,ASIA_HL,07:00-10:00,2.0,1,NEXT_OPEN,MICROSTRUCTURE_SAFE,FIXED_2.5R
V49_7B_0436,LONDON_HL,09:00-12:00,2.5,1,NEXT_OPEN,MICROSTRUCTURE_SAFE,FIXED_2.0R
V49_7B_0437,ASIA_HL,09:00-12:00,2.2,1,MIDPOINT_STOP,MICROSTRUCTURE_SAFE,FIXED_2.5R
V49_7B_0438,ASIA_HL,08:00-11:00,3.0,2,NEXT_OPEN,WICK_EXTREME_2.0P,FIXED_1.5R
V49_7B_0439,ASIA_HL,07:00-10:00,1.5,1,MIDPOINT_STOP,WICK_EXTREME_1.5P,FIXED_1.5R
V49_7B_0440,LONDON_HL,09:00-12:00,2.0,3,MIDPOINT_STOP,MICROSTRUCTURE_SAFE,FIXED_1.5R
V49_7B_0441,ASIA_HL,07:00-10:00,2.2,3,NEXT_OPEN,MICROSTRUCTURE_SAFE,FIXED_2.0R
V49_7B_0442,ASIA_HL,08:00-11:00,1.5,3,NEXT_OPEN,MICROSTRUCTURE_SAFE,FIXED_2.5R
V49_7B_0443,ASIA_HL,07:00-10:00,2.2,2,NEXT_OPEN,WICK_EXTREME_2.0P,FIXED_1.5R
V49_7B_0444,LONDON_HL,07:00-10:00,2.5,1,MIDPOINT_STOP,WICK_EXTREME_2.0P,FIXED_1.5R
V49_7B_0445,LONDON_HL,08:00-11:00,1.8,3,MIDPOINT_STOP,MICROSTRUCTURE_SAFE,FIXED_2.0R
V49_7B_0446,LONDON_HL,08:00-11:00,2.2,1,NEXT_OPEN,WICK_EXTREME_2.0P,FIXED_2.0R
V49_7B_0447,ASIA_HL,08:00-11:00,2.0,1,MIDPOINT_STOP,MICROSTRUCTURE_SAFE,FIXED_2.0R
V49_7B_0448,ASIA_HL,09:00-12:00,1.8,3,NEXT_OPEN,WICK_EXTREME_1.5P,FIXED_2.5R
V49_7B_0449,ASIA_HL,09:00-12:00,3.0,1,NEXT_OPEN,WICK_EXTREME_1.5P,FIXED_2.0R
V49_7B_0450,LONDON_HL,09:00-12:00,1.8,2,NEXT_OPEN,WICK_EXTREME_1.5P,FIXED_2.0R
V49_7B_0451,LONDON_HL,09:00-12:00,1.5,3,MIDPOINT_STOP,MICROSTRUCTURE_SAFE,FIXED_1.5R
V49_7B_0452,LONDON_HL,09:00-12:00,3.0,3,NEXT_OPEN,WICK_EXTREME_1.5P,FIXED_2.0R
V49_7B_0453,LONDON_HL,09:00-12:00,1.5,3,NEXT_OPEN,MICROSTRUCTURE_SAFE,FIXED_1.5R
V49_7B_0454,ASIA_HL,08:00-11:00,2.2,1,MIDPOINT_STOP,MICROSTRUCTURE_SAFE,FIXED_1.5R
V49_7B_0455,LONDON_HL,07:00-10:00,2.5,2,MIDPOINT_STOP,WICK_EXTREME_2.0P,FIXED_2.5R
V49_7B_0456,LONDON_HL,08:00-11:00,2.2,1,MIDPOINT_STOP,WICK_EXTREME_2.0P,FIXED_2.5R
V49_7B_0457,LONDON_HL,08:00-11:00,1.8,1,MIDPOINT_STOP,WICK_EXTREME_2.0P,FIXED_2.0R
V49_7B_0458,LONDON_HL,08:00-11:00,3.0,1,MIDPOINT_STOP,WICK_EXTREME_1.5P,FIXED_2.5R
V49_7B_0459,ASIA_HL,09:00-12:00,2.0,3,NEXT_OPEN,MICROSTRUCTURE_SAFE,FIXED_2.0R
V49_7B_0460,LONDON_HL,08:00-11:00,2.2,3,NEXT_OPEN,WICK_EXTREME_2.0P,FIXED_2.0R
V49_7B_0461,LONDON_HL,09:00-12:00,2.5,1,MIDPOINT_STOP,MICROSTRUCTURE_SAFE,FIXED_2.0R
V49_7B_0462,ASIA_HL,08:00-11:00,2.0,2,NEXT_OPEN,MICROSTRUCTURE_SAFE,FIXED_2.5R
V49_7B_0463,LONDON_HL,07:00-10:00,3.0,1,NEXT_OPEN,WICK_EXTREME_2.0P,FIXED_2.5R
V49_7B_0464,ASIA_HL,08:00-11:00,2.0,3,MIDPOINT_STOP,WICK_EXTREME_1.5P,FIXED_1.5R
V49_7B_0465,LONDON_HL,07:00-10:00,2.2,3,MIDPOINT_STOP,WICK_EXTREME_1.5P,FIXED_2.5R
V49_7B_0466,ASIA_HL,09:00-12:00,2.0,2,MIDPOINT_STOP,MICROSTRUCTURE_SAFE,FIXED_1.5R
V49_7B_0467,ASIA_HL,09:00-12:00,2.2,2,NEXT_OPEN,WICK_EXTREME_2.0P,FIXED_2.0R
V49_7B_0468,LONDON_HL,09:00-12:00,2.5,2,NEXT_OPEN,WICK_EXTREME_1.5P,FIXED_1.5R
V49_7B_0469,LONDON_HL,08:00-11:00,1.8,2,MIDPOINT_STOP,WICK_EXTREME_1.5P,FIXED_2.0R
V49_7B_0470,LONDON_HL,08:00-11:00,2.0,2,MIDPOINT_STOP,WICK_EXTREME_1.5P,FIXED_2.0R
V49_7B_0471,LONDON_HL,07:00-10:00,2.5,1,MIDPOINT_STOP,WICK_EXTREME_1.5P,FIXED_2.0R
V49_7B_0472,ASIA_HL,08:00-11:00,1.5,3,NEXT_OPEN,WICK_EXTREME_2.0P,FIXED_2.0R
V49_7B_0473,ASIA_HL,08:00-11:00,2.0,1,MIDPOINT_STOP,WICK_EXTREME_2.0P,FIXED_2.5R
V49_7B_0474,LONDON_HL,09:00-12:00,2.5,3,MIDPOINT_STOP,WICK_EXTREME_2.0P,FIXED_1.5R
V49_7B_0475,ASIA_HL,09:00-12:00,1.8,2,MIDPOINT_STOP,WICK_EXTREME_2.0P,FIXED_1.5R
V49_7B_0476,LONDON_HL,09:00-12:00,1.8,3,MIDPOINT_STOP,WICK_EXTREME_2.0P,FIXED_2.0R
V49_7B_0477,LONDON_HL,08:00-11:00,2.2,1,NEXT_OPEN,WICK_EXTREME_1.5P,FIXED_2.0R
V49_7B_0478,LONDON_HL,08:00-11:00,1.5,3,NEXT_OPEN,WICK_EXTREME_2.0P,FIXED_2.5R
V49_7B_0479,ASIA_HL,08:00-11:00,2.2,2,NEXT_OPEN,WICK_EXTREME_2.0P,FIXED_2.5R
V49_7B_0480,LONDON_HL,08:00-11:00,2.5,3,MIDPOINT_STOP,MICROSTRUCTURE_SAFE,FIXED_2.5R
V49_7B_0481,ASIA_HL,09:00-12:00,3.0,1,MIDPOINT_STOP,WICK_EXTREME_2.0P,FIXED_2.5R
V49_7B_0482,ASIA_HL,08:00-11:00,1.8,3,MIDPOINT_STOP,WICK_EXTREME_2.0P,FIXED_1.5R
V49_7B_0483,ASIA_HL,09:00-12:00,1.5,1,NEXT_OPEN,MICROSTRUCTURE_SAFE,FIXED_2.5R
V49_7B_0484,ASIA_HL,08:00-11:00,2.5,2,MIDPOINT_STOP,MICROSTRUCTURE_SAFE,FIXED_1.5R
V49_7B_0485,LONDON_HL,09:00-12:00,2.2,2,MIDPOINT_STOP,WICK_EXTREME_2.0P,FIXED_2.0R
V49_7B_0486,LONDON_HL,08:00-11:00,3.0,3,MIDPOINT_STOP,WICK_EXTREME_1.5P,FIXED_2.0R
V49_7B_0487,LONDON_HL,08:00-11:00,1.5,2,NEXT_OPEN,WICK_EXTREME_2.0P,FIXED_2.0R
V49_7B_0488,LONDON_HL,09:00-12:00,2.0,3,MIDPOINT_STOP,WICK_EXTREME_2.0P,FIXED_1.5R
V49_7B_0489,LONDON_HL,08:00-11:00,2.2,3,NEXT_OPEN,MICROSTRUCTURE_SAFE,FIXED_2.5R
V49_7B_0490,ASIA_HL,07:00-10:00,1.8,2,MIDPOINT_STOP,MICROSTRUCTURE_SAFE,FIXED_1.5R
V49_7B_0491,LONDON_HL,09:00-12:00,2.2,3,NEXT_OPEN,WICK_EXTREME_2.0P,FIXED_1.5R
V49_7B_0492,LONDON_HL,07:00-10:00,2.2,2,MIDPOINT_STOP,WICK_EXTREME_1.5P,FIXED_2.5R
V49_7B_0493,ASIA_HL,09:00-12:00,1.5,1,MIDPOINT_STOP,WICK_EXTREME_2.0P,FIXED_2.5R
V49_7B_0494,ASIA_HL,09:00-12:00,1.5,2,NEXT_OPEN,WICK_EXTREME_2.0P,FIXED_2.0R
V49_7B_0495,LONDON_HL,08:00-11:00,2.2,2,MIDPOINT_STOP,MICROSTRUCTURE_SAFE,FIXED_2.5R
V49_7B_0496,ASIA_HL,07:00-10:00,2.5,2,NEXT_OPEN,WICK_EXTREME_2.0P,FIXED_2.0R
V49_7B_0497,LONDON_HL,08:00-11:00,1.5,3,MIDPOINT_STOP,WICK_EXTREME_2.0P,FIXED_2.5R
V49_7B_0498,LONDON_HL,07:00-10:00,1.8,2,NEXT_OPEN,MICROSTRUCTURE_SAFE,FIXED_2.0R
V49_7B_0499,ASIA_HL,07:00-10:00,2.5,2,NEXT_OPEN,WICK_EXTREME_1.5P,FIXED_2.0R
V49_7B_0500,ASIA_HL,07:00-10:00,3.0,1,MIDPOINT_STOP,MICROSTRUCTURE_SAFE,FIXED_2.0R
V49_7B_0501,ASIA_HL,09:00-12:00,1.8,3,NEXT_OPEN,MICROSTRUCTURE_SAFE,FIXED_2.0R
V49_7B_0502,LONDON_HL,08:00-11:00,2.2,3,MIDPOINT_STOP,WICK_EXTREME_2.0P,FIXED_2.5R
V49_7B_0503,LONDON_HL,08:00-11:00,2.0,2,NEXT_OPEN,WICK_EXTREME_1.5P,FIXED_1.5R
V49_7B_0504,LONDON_HL,08:00-11:00,2.0,3,NEXT_OPEN,WICK_EXTREME_1.5P,FIXED_2.0R
V49_7B_0505,ASIA_HL,09:00-12:00,2.5,2,MIDPOINT_STOP,MICROSTRUCTURE_SAFE,FIXED_2.0R
V49_7B_0506,LONDON_HL,07:00-10:00,2.5,3,NEXT_OPEN,WICK_EXTREME_1.5P,FIXED_2.0R
V49_7B_0507,ASIA_HL,08:00-11:00,3.0,3,NEXT_OPEN,WICK_EXTREME_2.0P,FIXED_2.5R
V49_7B_0508,LONDON_HL,07:00-10:00,2.2,3,NEXT_OPEN,MICROSTRUCTURE_SAFE,FIXED_2.0R
V49_7B_0509,ASIA_HL,09:00-12:00,2.2,2,NEXT_OPEN,MICROSTRUCTURE_SAFE,FIXED_2.0R
V49_7B_0510,ASIA_HL,08:00-11:00,1.5,1,NEXT_OPEN,WICK_EXTREME_2.0P,FIXED_2.0R
V49_7B_0511,ASIA_HL,07:00-10:00,2.5,2,MIDPOINT_STOP,MICROSTRUCTURE_SAFE,FIXED_1.5R
V49_7B_0512,ASIA_HL,07:00-10:00,1.5,2,NEXT_OPEN,WICK_EXTREME_1.5P,FIXED_2.5R
V49_7B_0513,ASIA_HL,09:00-12:00,2.0,2,MIDPOINT_STOP,WICK_EXTREME_1.5P,FIXED_2.0R
V49_7B_0514,LONDON_HL,07:00-10:00,1.5,2,MIDPOINT_STOP,WICK_EXTREME_2.0P,FIXED_2.0R
V49_7B_0515,ASIA_HL,08:00-11:00,2.2,1,MIDPOINT_STOP,WICK_EXTREME_2.0P,FIXED_2.0R
V49_7B_0516,ASIA_HL,07:00-10:00,2.2,1,MIDPOINT_STOP,WICK_EXTREME_2.0P,FIXED_2.5R
V49_7B_0517,LONDON_HL,08:00-11:00,2.5,1,MIDPOINT_STOP,WICK_EXTREME_1.5P,FIXED_1.5R
V49_7B_0518,LONDON_HL,09:00-12:00,2.5,2,NEXT_OPEN,WICK_EXTREME_2.0P,FIXED_2.5R
V49_7B_0519,LONDON_HL,08:00-11:00,2.2,2,NEXT_OPEN,MICROSTRUCTURE_SAFE,FIXED_1.5R
V49_7B_0520,ASIA_HL,09:00-12:00,2.5,2,MIDPOINT_STOP,MICROSTRUCTURE_SAFE,FIXED_2.5R
V49_7B_0521,LONDON_HL,07:00-10:00,2.2,2,MIDPOINT_STOP,MICROSTRUCTURE_SAFE,FIXED_2.5R
V49_7B_0522,LONDON_HL,09:00-12:00,2.5,3,NEXT_OPEN,MICROSTRUCTURE_SAFE,FIXED_1.5R
V49_7B_0523,ASIA_HL,07:00-10:00,3.0,1,MIDPOINT_STOP,WICK_EXTREME_2.0P,FIXED_2.5R
V49_7B_0524,LONDON_HL,09:00-12:00,2.2,3,MIDPOINT_STOP,WICK_EXTREME_1.5P,FIXED_2.5R
V49_7B_0525,LONDON_HL,07:00-10:00,2.2,2,MIDPOINT_STOP,MICROSTRUCTURE_SAFE,FIXED_1.5R
V49_7B_0526,LONDON_HL,08:00-11:00,1.5,1,NEXT_OPEN,WICK_EXTREME_1.5P,FIXED_2.5R
V49_7B_0527,LONDON_HL,07:00-10:00,2.0,3,MIDPOINT_STOP,WICK_EXTREME_1.5P,FIXED_2.0R
V49_7B_0528,ASIA_HL,09:00-12:00,3.0,2,MIDPOINT_STOP,MICROSTRUCTURE_SAFE,FIXED_1.5R
V49_7B_0529,LONDON_HL,09:00-12:00,3.0,1,MIDPOINT_STOP,WICK_EXTREME_1.5P,FIXED_2.0R
V49_7B_0530,LONDON_HL,07:00-10:00,1.5,3,MIDPOINT_STOP,WICK_EXTREME_1.5P,FIXED_1.5R
V49_7B_0531,LONDON_HL,07:00-10:00,1.5,2,MIDPOINT_STOP,WICK_EXTREME_1.5P,FIXED_2.0R
V49_7B_0532,LONDON_HL,09:00-12:00,2.5,1,NEXT_OPEN,WICK_EXTREME_2.0P,FIXED_2.0R
V49_7B_0533,LONDON_HL,09:00-12:00,2.5,3,NEXT_OPEN,WICK_EXTREME_1.5P,FIXED_2.5R
V49_7B_0534,ASIA_HL,08:00-11:00,3.0,2,NEXT_OPEN,MICROSTRUCTURE_SAFE,FIXED_2.0R
V49_7B_0535,LONDON_HL,08:00-11:00,3.0,2,NEXT_OPEN,MICROSTRUCTURE_SAFE,FIXED_2.5R
V49_7B_0536,ASIA_HL,08:00-11:00,2.2,3,NEXT_OPEN,WICK_EXTREME_1.5P,FIXED_2.0R
V49_7B_0537,LONDON_HL,09:00-12:00,2.5,1,MIDPOINT_STOP,WICK_EXTREME_2.0P,FIXED_2.0R
V49_7B_0538,ASIA_HL,07:00-10:00,1.8,1,MIDPOINT_STOP,WICK_EXTREME_1.5P,FIXED_1.5R
V49_7B_0539,LONDON_HL,09:00-12:00,2.2,1,MIDPOINT_STOP,MICROSTRUCTURE_SAFE,FIXED_1.5R
V49_7B_0540,LONDON_HL,07:00-10:00,1.8,1,NEXT_OPEN,WICK_EXTREME_2.0P,FIXED_1.5R
V49_7B_0541,ASIA_HL,09:00-12:00,3.0,2,MIDPOINT_STOP,MICROSTRUCTURE_SAFE,FIXED_2.0R
V49_7B_0542,ASIA_HL,07:00-10:00,1.8,1,NEXT_OPEN,WICK_EXTREME_1.5P,FIXED_2.5R
V49_7B_0543,LONDON_HL,09:00-12:00,2.2,3,NEXT_OPEN,MICROSTRUCTURE_SAFE,FIXED_2.0R
V49_7B_0544,ASIA_HL,09:00-12:00,2.5,3,MIDPOINT_STOP,WICK_EXTREME_2.0P,FIXED_1.5R
V49_7B_0545,LONDON_HL,08:00-11:00,1.8,2,NEXT_OPEN,WICK_EXTREME_2.0P,FIXED_2.5R
V49_7B_0546,ASIA_HL,09:00-12:00,3.0,3,MIDPOINT_STOP,MICROSTRUCTURE_SAFE,FIXED_1.5R
V49_7B_0547,ASIA_HL,09:00-12:00,3.0,2,MIDPOINT_STOP,MICROSTRUCTURE_SAFE,FIXED_2.5R
V49_7B_0548,ASIA_HL,07:00-10:00,3.0,2,MIDPOINT_STOP,WICK_EXTREME_1.5P,FIXED_1.5R
V49_7B_0549,LONDON_HL,07:00-10:00,2.5,2,MIDPOINT_STOP,WICK_EXTREME_2.0P,FIXED_2.0R
V49_7B_0550,LONDON_HL,09:00-12:00,3.0,1,NEXT_OPEN,WICK_EXTREME_1.5P,FIXED_2.5R
V49_7B_0551,LONDON_HL,09:00-12:00,1.8,2,MIDPOINT_STOP,WICK_EXTREME_2.0P,FIXED_2.0R
V49_7B_0552,LONDON_HL,08:00-11:00,3.0,3,MIDPOINT_STOP,WICK_EXTREME_1.5P,FIXED_2.5R
V49_7B_0553,LONDON_HL,07:00-10:00,2.2,2,NEXT_OPEN,MICROSTRUCTURE_SAFE,FIXED_2.5R
V49_7B_0554,ASIA_HL,09:00-12:00,1.8,1,MIDPOINT_STOP,WICK_EXTREME_1.5P,FIXED_2.0R
V49_7B_0555,LONDON_HL,07:00-10:00,2.2,2,NEXT_OPEN,WICK_EXTREME_1.5P,FIXED_2.0R
V49_7B_0556,ASIA_HL,07:00-10:00,3.0,1,NEXT_OPEN,WICK_EXTREME_2.0P,FIXED_2.5R
V49_7B_0557,LONDON_HL,08:00-11:00,2.2,3,NEXT_OPEN,WICK_EXTREME_1.5P,FIXED_2.5R
V49_7B_0558,LONDON_HL,09:00-12:00,1.5,3,NEXT_OPEN,MICROSTRUCTURE_SAFE,FIXED_2.0R
V49_7B_0559,LONDON_HL,09:00-12:00,3.0,1,MIDPOINT_STOP,MICROSTRUCTURE_SAFE,FIXED_2.5R
V49_7B_0560,LONDON_HL,09:00-12:00,1.5,1,NEXT_OPEN,WICK_EXTREME_1.5P,FIXED_1.5R
V49_7B_0561,LONDON_HL,08:00-11:00,2.0,3,NEXT_OPEN,MICROSTRUCTURE_SAFE,FIXED_1.5R
V49_7B_0562,ASIA_HL,09:00-12:00,2.2,3,NEXT_OPEN,WICK_EXTREME_1.5P,FIXED_2.5R
V49_7B_0563,ASIA_HL,09:00-12:00,1.5,3,NEXT_OPEN,WICK_EXTREME_1.5P,FIXED_1.5R
V49_7B_0564,ASIA_HL,08:00-11:00,2.2,2,NEXT_OPEN,WICK_EXTREME_1.5P,FIXED_1.5R
V49_7B_0565,LONDON_HL,07:00-10:00,2.0,1,NEXT_OPEN,WICK_EXTREME_1.5P,FIXED_2.0R
V49_7B_0566,LONDON_HL,09:00-12:00,2.5,3,MIDPOINT_STOP,WICK_EXTREME_2.0P,FIXED_2.5R
V49_7B_0567,ASIA_HL,09:00-12:00,1.8,1,MIDPOINT_STOP,MICROSTRUCTURE_SAFE,FIXED_2.0R
V49_7B_0568,ASIA_HL,09:00-12:00,2.5,2,NEXT_OPEN,MICROSTRUCTURE_SAFE,FIXED_2.0R
V49_7B_0569,ASIA_HL,08:00-11:00,2.0,1,NEXT_OPEN,WICK_EXTREME_1.5P,FIXED_1.5R
V49_7B_0570,ASIA_HL,08:00-11:00,2.0,1,MIDPOINT_STOP,MICROSTRUCTURE_SAFE,FIXED_1.5R
V49_7B_0571,LONDON_HL,07:00-10:00,2.2,2,NEXT_OPEN,WICK_EXTREME_2.0P,FIXED_2.0R
V49_7B_0572,LONDON_HL,09:00-12:00,2.0,1,MIDPOINT_STOP,MICROSTRUCTURE_SAFE,FIXED_1.5R
V49_7B_0573,LONDON_HL,09:00-12:00,2.2,2,MIDPOINT_STOP,WICK_EXTREME_2.0P,FIXED_2.5R
V49_7B_0574,LONDON_HL,09:00-12:00,2.0,2,NEXT_OPEN,WICK_EXTREME_2.0P,FIXED_2.5R
V49_7B_0575,LONDON_HL,09:00-12:00,2.5,2,MIDPOINT_STOP,WICK_EXTREME_1.5P,FIXED_1.5R
V49_7B_0576,ASIA_HL,09:00-12:00,1.8,1,MIDPOINT_STOP,WICK_EXTREME_2.0P,FIXED_1.5R
V49_7B_0577,ASIA_HL,09:00-12:00,2.5,2,NEXT_OPEN,MICROSTRUCTURE_SAFE,FIXED_2.5R
V49_7B_0578,LONDON_HL,09:00-12:00,1.8,2,MIDPOINT_STOP,WICK_EXTREME_2.0P,FIXED_1.5R
V49_7B_0579,ASIA_HL,07:00-10:00,1.8,1,MIDPOINT_STOP,MICROSTRUCTURE_SAFE,FIXED_1.5R
V49_7B_0580,ASIA_HL,07:00-10:00,2.2,2,NEXT_OPEN,WICK_EXTREME_2.0P,FIXED_2.5R
V49_7B_0581,ASIA_HL,08:00-11:00,2.5,2,MIDPOINT_STOP,MICROSTRUCTURE_SAFE,FIXED_2.5R
V49_7B_0582,LONDON_HL,07:00-10:00,3.0,2,NEXT_OPEN,MICROSTRUCTURE_SAFE,FIXED_2.5R
V49_7B_0583,LONDON_HL,08:00-11:00,1.8,3,MIDPOINT_STOP,WICK_EXTREME_2.0P,FIXED_2.5R
V49_7B_0584,ASIA_HL,07:00-10:00,1.8,1,NEXT_OPEN,WICK_EXTREME_2.0P,FIXED_2.5R
V49_7B_0585,LONDON_HL,09:00-12:00,2.5,3,MIDPOINT_STOP,WICK_EXTREME_1.5P,FIXED_1.5R
V49_7B_0586,LONDON_HL,09:00-12:00,2.0,2,MIDPOINT_STOP,WICK_EXTREME_1.5P,FIXED_2.0R
V49_7B_0587,ASIA_HL,08:00-11:00,3.0,2,MIDPOINT_STOP,WICK_EXTREME_2.0P,FIXED_2.0R
V49_7B_0588,LONDON_HL,07:00-10:00,2.5,3,NEXT_OPEN,WICK_EXTREME_1.5P,FIXED_2.5R
V49_7B_0589,LONDON_HL,08:00-11:00,1.8,3,NEXT_OPEN,WICK_EXTREME_2.0P,FIXED_2.5R
V49_7B_0590,LONDON_HL,09:00-12:00,2.5,1,MIDPOINT_STOP,MICROSTRUCTURE_SAFE,FIXED_2.5R
V49_7B_0591,LONDON_HL,07:00-10:00,2.5,2,MIDPOINT_STOP,WICK_EXTREME_1.5P,FIXED_1.5R
V49_7B_0592,LONDON_HL,07:00-10:00,1.8,1,MIDPOINT_STOP,WICK_EXTREME_1.5P,FIXED_1.5R
V49_7B_0593,LONDON_HL,08:00-11:00,1.5,3,NEXT_OPEN,MICROSTRUCTURE_SAFE,FIXED_2.5R
V49_7B_0594,ASIA_HL,07:00-10:00,2.0,1,NEXT_OPEN,MICROSTRUCTURE_SAFE,FIXED_1.5R
V49_7B_0595,ASIA_HL,09:00-12:00,2.0,3,MIDPOINT_STOP,WICK_EXTREME_1.5P,FIXED_1.5R
V49_7B_0596,LONDON_HL,07:00-10:00,1.5,3,MIDPOINT_STOP,MICROSTRUCTURE_SAFE,FIXED_1.5R
V49_7B_0597,LONDON_HL,08:00-11:00,2.2,1,NEXT_OPEN,WICK_EXTREME_2.0P,FIXED_1.5R
V49_7B_0598,ASIA_HL,08:00-11:00,2.5,2,NEXT_OPEN,WICK_EXTREME_1.5P,FIXED_1.5R
V49_7B_0599,LONDON_HL,08:00-11:00,1.5,3,NEXT_OPEN,WICK_EXTREME_2.0P,FIXED_2.0R
V49_7B_0600,LONDON_HL,09:00-12:00,1.5,2,MIDPOINT_STOP,WICK_EXTREME_1.5P,FIXED_2.5R
V49_7B_0601,LONDON_HL,07:00-10:00,2.2,3,MIDPOINT_STOP,WICK_EXTREME_2.0P,FIXED_1.5R
V49_7B_0602,LONDON_HL,09:00-12:00,2.5,2,NEXT_OPEN,MICROSTRUCTURE_SAFE,FIXED_2.0R
V49_7B_0603,ASIA_HL,09:00-12:00,2.5,1,MIDPOINT_STOP,WICK_EXTREME_2.0P,FIXED_2.5R
V49_7B_0604,ASIA_HL,07:00-10:00,1.5,2,NEXT_OPEN,WICK_EXTREME_2.0P,FIXED_2.0R
V49_7B_0605,LONDON_HL,08:00-11:00,1.8,2,MIDPOINT_STOP,MICROSTRUCTURE_SAFE,FIXED_1.5R
V49_7B_0606,ASIA_HL,07:00-10:00,2.2,2,NEXT_OPEN,MICROSTRUCTURE_SAFE,FIXED_2.0R
V49_7B_0607,LONDON_HL,07:00-10:00,1.5,3,NEXT_OPEN,MICROSTRUCTURE_SAFE,FIXED_1.5R
V49_7B_0608,LONDON_HL,07:00-10:00,3.0,2,MIDPOINT_STOP,MICROSTRUCTURE_SAFE,FIXED_1.5R
V49_7B_0609,ASIA_HL,07:00-10:00,3.0,2,NEXT_OPEN,WICK_EXTREME_2.0P,FIXED_2.0R
V49_7B_0610,LONDON_HL,08:00-11:00,1.5,2,NEXT_OPEN,MICROSTRUCTURE_SAFE,FIXED_2.0R
V49_7B_0611,ASIA_HL,07:00-10:00,3.0,3,MIDPOINT_STOP,WICK_EXTREME_2.0P,FIXED_1.5R
V49_7B_0612,ASIA_HL,07:00-10:00,1.8,2,MIDPOINT_STOP,WICK_EXTREME_1.5P,FIXED_2.5R
V49_7B_0613,LONDON_HL,09:00-12:00,2.5,1,MIDPOINT_STOP,WICK_EXTREME_1.5P,FIXED_2.5R
V49_7B_0614,ASIA_HL,09:00-12:00,2.0,2,MIDPOINT_STOP,MICROSTRUCTURE_SAFE,FIXED_2.5R
V49_7B_0615,ASIA_HL,08:00-11:00,1.8,2,MIDPOINT_STOP,WICK_EXTREME_2.0P,FIXED_2.0R
V49_7B_0616,ASIA_HL,08:00-11:00,2.2,2,NEXT_OPEN,MICROSTRUCTURE_SAFE,FIXED_2.0R
V49_7B_0617,LONDON_HL,08:00-11:00,1.5,2,NEXT_OPEN,MICROSTRUCTURE_SAFE,FIXED_2.5R
V49_7B_0618,ASIA_HL,08:00-11:00,1.8,1,NEXT_OPEN,WICK_EXTREME_2.0P,FIXED_2.5R
V49_7B_0619,LONDON_HL,08:00-11:00,3.0,3,NEXT_OPEN,WICK_EXTREME_2.0P,FIXED_2.0R
V49_7B_0620,ASIA_HL,07:00-10:00,2.5,1,MIDPOINT_STOP,WICK_EXTREME_1.5P,FIXED_2.0R
V49_7B_0621,LONDON_HL,08:00-11:00,2.5,3,MIDPOINT_STOP,MICROSTRUCTURE_SAFE,FIXED_1.5R
V49_7B_0622,ASIA_HL,08:00-11:00,1.5,2,NEXT_OPEN,WICK_EXTREME_2.0P,FIXED_2.0R
V49_7B_0623,ASIA_HL,08:00-11:00,1.5,3,MIDPOINT_STOP,MICROSTRUCTURE_SAFE,FIXED_2.5R
V49_7B_0624,ASIA_HL,09:00-12:00,3.0,1,MIDPOINT_STOP,WICK_EXTREME_1.5P,FIXED_2.0R
V49_7B_0625,ASIA_HL,09:00-12:00,2.5,2,NEXT_OPEN,WICK_EXTREME_2.0P,FIXED_2.5R
V49_7B_0626,ASIA_HL,09:00-12:00,2.5,3,NEXT_OPEN,WICK_EXTREME_1.5P,FIXED_1.5R
V49_7B_0627,ASIA_HL,08:00-11:00,1.5,2,MIDPOINT_STOP,MICROSTRUCTURE_SAFE,FIXED_1.5R
V49_7B_0628,ASIA_HL,08:00-11:00,2.2,2,NEXT_OPEN,WICK_EXTREME_2.0P,FIXED_2.0R
V49_7B_0629,ASIA_HL,09:00-12:00,2.0,2,MIDPOINT_STOP,WICK_EXTREME_2.0P,FIXED_1.5R
V49_7B_0630,ASIA_HL,07:00-10:00,1.8,1,MIDPOINT_STOP,WICK_EXTREME_2.0P,FIXED_2.0R
V49_7B_0631,ASIA_HL,07:00-10:00,2.5,2,MIDPOINT_STOP,WICK_EXTREME_2.0P,FIXED_2.0R
V49_7B_0632,LONDON_HL,09:00-12:00,1.5,1,NEXT_OPEN,MICROSTRUCTURE_SAFE,FIXED_1.5R
V49_7B_0633,ASIA_HL,09:00-12:00,1.8,1,NEXT_OPEN,WICK_EXTREME_2.0P,FIXED_2.0R
V49_7B_0634,LONDON_HL,09:00-12:00,1.8,3,MIDPOINT_STOP,MICROSTRUCTURE_SAFE,FIXED_1.5R
V49_7B_0635,ASIA_HL,07:00-10:00,3.0,2,MIDPOINT_STOP,WICK_EXTREME_2.0P,FIXED_2.0R
V49_7B_0636,ASIA_HL,09:00-12:00,2.2,2,NEXT_OPEN,MICROSTRUCTURE_SAFE,FIXED_1.5R
V49_7B_0637,ASIA_HL,07:00-10:00,2.5,3,NEXT_OPEN,MICROSTRUCTURE_SAFE,FIXED_2.0R
V49_7B_0638,ASIA_HL,09:00-12:00,2.2,3,MIDPOINT_STOP,WICK_EXTREME_1.5P,FIXED_1.5R
V49_7B_0639,ASIA_HL,07:00-10:00,1.5,3,MIDPOINT_STOP,MICROSTRUCTURE_SAFE,FIXED_1.5R
V49_7B_0640,LONDON_HL,08:00-11:00,1.5,2,NEXT_OPEN,WICK_EXTREME_1.5P,FIXED_2.0R
V49_7B_0641,LONDON_HL,09:00-12:00,1.5,3,MIDPOINT_STOP,WICK_EXTREME_2.0P,FIXED_2.0R
V49_7B_0642,ASIA_HL,07:00-10:00,3.0,1,MIDPOINT_STOP,WICK_EXTREME_1.5P,FIXED_2.0R
V49_7B_0643,ASIA_HL,08:00-11:00,3.0,2,MIDPOINT_STOP,WICK_EXTREME_1.5P,FIXED_1.5R
V49_7B_0644,LONDON_HL,09:00-12:00,2.5,2,NEXT_OPEN,WICK_EXTREME_1.5P,FIXED_2.5R
V49_7B_0645,LONDON_HL,09:00-12:00,1.5,1,MIDPOINT_STOP,MICROSTRUCTURE_SAFE,FIXED_2.5R
V49_7B_0646,ASIA_HL,07:00-10:00,1.8,2,NEXT_OPEN,WICK_EXTREME_2.0P,FIXED_1.5R
V49_7B_0647,ASIA_HL,08:00-11:00,1.5,3,MIDPOINT_STOP,WICK_EXTREME_1.5P,FIXED_1.5R
V49_7B_0648,LONDON_HL,07:00-10:00,2.5,3,NEXT_OPEN,MICROSTRUCTURE_SAFE,FIXED_2.5R
V49_7B_0649,LONDON_HL,07:00-10:00,1.5,2,MIDPOINT_STOP,WICK_EXTREME_2.0P,FIXED_2.5R
V49_7B_0650,ASIA_HL,09:00-12:00,2.5,2,NEXT_OPEN,WICK_EXTREME_2.0P,FIXED_1.5R
V49_7B_0651,LONDON_HL,09:00-12:00,2.5,1,MIDPOINT_STOP,WICK_EXTREME_2.0P,FIXED_2.5R
V49_7B_0652,LONDON_HL,07:00-10:00,2.2,3,NEXT_OPEN,WICK_EXTREME_1.5P,FIXED_1.5R
V49_7B_0653,ASIA_HL,08:00-11:00,3.0,2,MIDPOINT_STOP,MICROSTRUCTURE_SAFE,FIXED_2.5R
V49_7B_0654,ASIA_HL,09:00-12:00,2.5,3,MIDPOINT_STOP,WICK_EXTREME_1.5P,FIXED_2.5R
V49_7B_0655,ASIA_HL,07:00-10:00,2.2,1,MIDPOINT_STOP,WICK_EXTREME_2.0P,FIXED_1.5R
V49_7B_0656,LONDON_HL,09:00-12:00,2.2,2,NEXT_OPEN,MICROSTRUCTURE_SAFE,FIXED_2.0R
V49_7B_0657,LONDON_HL,08:00-11:00,2.5,1,MIDPOINT_STOP,WICK_EXTREME_2.0P,FIXED_2.0R
V49_7B_0658,LONDON_HL,09:00-12:00,2.0,1,MIDPOINT_STOP,MICROSTRUCTURE_SAFE,FIXED_2.5R
V49_7B_0659,LONDON_HL,07:00-10:00,1.5,3,MIDPOINT_STOP,MICROSTRUCTURE_SAFE,FIXED_2.5R
V49_7B_0660,ASIA_HL,07:00-10:00,1.8,3,NEXT_OPEN,WICK_EXTREME_1.5P,FIXED_2.0R
V49_7B_0661,ASIA_HL,09:00-12:00,3.0,2,NEXT_OPEN,WICK_EXTREME_2.0P,FIXED_2.5R
V49_7B_0662,ASIA_HL,08:00-11:00,1.8,1,MIDPOINT_STOP,WICK_EXTREME_1.5P,FIXED_2.5R
V49_7B_0663,LONDON_HL,07:00-10:00,2.0,1,MIDPOINT_STOP,MICROSTRUCTURE_SAFE,FIXED_1.5R
V49_7B_0664,LONDON_HL,08:00-11:00,2.5,2,MIDPOINT_STOP,WICK_EXTREME_1.5P,FIXED_1.5R
V49_7B_0665,ASIA_HL,08:00-11:00,2.5,3,MIDPOINT_STOP,WICK_EXTREME_1.5P,FIXED_2.5R
V49_7B_0666,ASIA_HL,09:00-12:00,2.5,1,MIDPOINT_STOP,MICROSTRUCTURE_SAFE,FIXED_2.5R
V49_7B_0667,ASIA_HL,09:00-12:00,1.5,1,NEXT_OPEN,WICK_EXTREME_2.0P,FIXED_2.5R
V49_7B_0668,ASIA_HL,09:00-12:00,2.0,3,MIDPOINT_STOP,WICK_EXTREME_2.0P,FIXED_1.5R
V49_7B_0669,LONDON_HL,09:00-12:00,3.0,1,NEXT_OPEN,MICROSTRUCTURE_SAFE,FIXED_1.5R
V49_7B_0670,LONDON_HL,09:00-12:00,2.0,3,NEXT_OPEN,WICK_EXTREME_2.0P,FIXED_2.0R
V49_7B_0671,ASIA_HL,08:00-11:00,2.5,3,NEXT_OPEN,WICK_EXTREME_1.5P,FIXED_1.5R
V49_7B_0672,ASIA_HL,09:00-12:00,2.2,2,NEXT_OPEN,MICROSTRUCTURE_SAFE,FIXED_2.5R
V49_7B_0673,ASIA_HL,08:00-11:00,2.2,3,MIDPOINT_STOP,MICROSTRUCTURE_SAFE,FIXED_1.5R
V49_7B_0674,LONDON_HL,08:00-11:00,1.5,3,NEXT_OPEN,WICK_EXTREME_2.0P,FIXED_1.5R
V49_7B_0675,LONDON_HL,07:00-10:00,1.5,1,NEXT_OPEN,WICK_EXTREME_1.5P,FIXED_2.5R
V49_7B_0676,ASIA_HL,08:00-11:00,2.5,1,MIDPOINT_STOP,WICK_EXTREME_2.0P,FIXED_2.5R
V49_7B_0677,LONDON_HL,07:00-10:00,3.0,2,NEXT_OPEN,WICK_EXTREME_1.5P,FIXED_2.5R
V49_7B_0678,ASIA_HL,09:00-12:00,2.2,2,MIDPOINT_STOP,WICK_EXTREME_2.0P,FIXED_1.5R
V49_7B_0679,LONDON_HL,09:00-12:00,2.5,1,MIDPOINT_STOP,WICK_EXTREME_2.0P,FIXED_1.5R
V49_7B_0680,ASIA_HL,08:00-11:00,2.0,2,NEXT_OPEN,WICK_EXTREME_2.0P,FIXED_2.0R
V49_7B_0681,ASIA_HL,09:00-12:00,2.5,1,MIDPOINT_STOP,MICROSTRUCTURE_SAFE,FIXED_2.0R
V49_7B_0682,ASIA_HL,09:00-12:00,3.0,3,MIDPOINT_STOP,WICK_EXTREME_2.0P,FIXED_2.0R
V49_7B_0683,ASIA_HL,07:00-10:00,2.0,1,MIDPOINT_STOP,MICROSTRUCTURE_SAFE,FIXED_2.5R
V49_7B_0684,LONDON_HL,09:00-12:00,1.5,1,MIDPOINT_STOP,WICK_EXTREME_2.0P,FIXED_1.5R
V49_7B_0685,LONDON_HL,08:00-11:00,2.0,2,MIDPOINT_STOP,MICROSTRUCTURE_SAFE,FIXED_2.5R
V49_7B_0686,LONDON_HL,09:00-12:00,1.5,3,MIDPOINT_STOP,WICK_EXTREME_1.5P,FIXED_1.5R
V49_7B_0687,LONDON_HL,09:00-12:00,2.0,3,NEXT_OPEN,WICK_EXTREME_2.0P,FIXED_2.5R
V49_7B_0688,LONDON_HL,08:00-11:00,2.0,2,NEXT_OPEN,MICROSTRUCTURE_SAFE,FIXED_1.5R
V49_7B_0689,ASIA_HL,09:00-12:00,2.5,1,NEXT_OPEN,MICROSTRUCTURE_SAFE,FIXED_2.0R
V49_7B_0690,ASIA_HL,09:00-12:00,2.0,2,MIDPOINT_STOP,WICK_EXTREME_1.5P,FIXED_1.5R
V49_7B_0691,LONDON_HL,07:00-10:00,2.2,3,MIDPOINT_STOP,WICK_EXTREME_1.5P,FIXED_2.0R
V49_7B_0692,ASIA_HL,07:00-10:00,1.8,2,MIDPOINT_STOP,WICK_EXTREME_2.0P,FIXED_1.5R
V49_7B_0693,LONDON_HL,07:00-10:00,1.8,1,NEXT_OPEN,WICK_EXTREME_2.0P,FIXED_2.0R
V49_7B_0694,LONDON_HL,07:00-10:00,3.0,3,NEXT_OPEN,WICK_EXTREME_1.5P,FIXED_2.0R
V49_7B_0695,ASIA_HL,08:00-11:00,2.2,2,MIDPOINT_STOP,WICK_EXTREME_2.0P,FIXED_1.5R
V49_7B_0696,LONDON_HL,09:00-12:00,2.0,1,NEXT_OPEN,WICK_EXTREME_2.0P,FIXED_2.5R
V49_7B_0697,ASIA_HL,08:00-11:00,1.8,1,MIDPOINT_STOP,WICK_EXTREME_2.0P,FIXED_2.0R
V49_7B_0698,LONDON_HL,08:00-11:00,2.2,2,MIDPOINT_STOP,MICROSTRUCTURE_SAFE,FIXED_2.0R
V49_7B_0699,LONDON_HL,09:00-12:00,1.5,3,MIDPOINT_STOP,MICROSTRUCTURE_SAFE,FIXED_2.0R
V49_7B_0700,ASIA_HL,09:00-12:00,3.0,2,NEXT_OPEN,WICK_EXTREME_1.5P,FIXED_1.5R
V49_7B_0701,ASIA_HL,09:00-12:00,3.0,1,NEXT_OPEN,WICK_EXTREME_2.0P,FIXED_2.0R
V49_7B_0702,LONDON_HL,08:00-11:00,2.0,1,NEXT_OPEN,WICK_EXTREME_2.0P,FIXED_1.5R
V49_7B_0703,ASIA_HL,07:00-10:00,2.5,2,MIDPOINT_STOP,WICK_EXTREME_1.5P,FIXED_2.0R
V49_7B_0704,LONDON_HL,09:00-12:00,2.2,1,NEXT_OPEN,WICK_EXTREME_1.5P,FIXED_2.0R
V49_7B_0705,ASIA_HL,07:00-10:00,2.5,3,NEXT_OPEN,MICROSTRUCTURE_SAFE,FIXED_2.5R
V49_7B_0706,ASIA_HL,09:00-12:00,2.0,3,MIDPOINT_STOP,WICK_EXTREME_1.5P,FIXED_2.0R
V49_7B_0707,ASIA_HL,08:00-11:00,1.5,3,MIDPOINT_STOP,WICK_EXTREME_1.5P,FIXED_2.5R
V49_7B_0708,LONDON_HL,09:00-12:00,2.2,2,NEXT_OPEN,WICK_EXTREME_2.0P,FIXED_1.5R
V49_7B_0709,ASIA_HL,08:00-11:00,2.5,3,NEXT_OPEN,MICROSTRUCTURE_SAFE,FIXED_1.5R
V49_7B_0710,ASIA_HL,08:00-11:00,1.8,2,MIDPOINT_STOP,WICK_EXTREME_1.5P,FIXED_1.5R
V49_7B_0711,LONDON_HL,07:00-10:00,2.5,3,MIDPOINT_STOP,MICROSTRUCTURE_SAFE,FIXED_1.5R
V49_7B_0712,LONDON_HL,09:00-12:00,3.0,1,NEXT_OPEN,WICK_EXTREME_1.5P,FIXED_2.0R
V49_7B_0713,LONDON_HL,09:00-12:00,1.5,1,NEXT_OPEN,WICK_EXTREME_2.0P,FIXED_1.5R
V49_7B_0714,ASIA_HL,07:00-10:00,2.5,3,NEXT_OPEN,MICROSTRUCTURE_SAFE,FIXED_1.5R
V49_7B_0715,ASIA_HL,07:00-10:00,3.0,1,MIDPOINT_STOP,WICK_EXTREME_2.0P,FIXED_1.5R
V49_7B_0716,ASIA_HL,07:00-10:00,2.0,2,NEXT_OPEN,WICK_EXTREME_2.0P,FIXED_2.5R
V49_7B_0717,ASIA_HL,09:00-12:00,3.0,2,MIDPOINT_STOP,WICK_EXTREME_1.5P,FIXED_2.0R
V49_7B_0718,LONDON_HL,07:00-10:00,3.0,1,MIDPOINT_STOP,WICK_EXTREME_1.5P,FIXED_2.5R
V49_7B_0719,ASIA_HL,08:00-11:00,2.5,2,MIDPOINT_STOP,WICK_EXTREME_2.0P,FIXED_2.0R
V49_7B_0720,ASIA_HL,07:00-10:00,1.8,3,MIDPOINT_STOP,MICROSTRUCTURE_SAFE,FIXED_1.5R
V49_7B_0721,LONDON_HL,07:00-10:00,3.0,1,NEXT_OPEN,WICK_EXTREME_1.5P,FIXED_2.5R
V49_7B_0722,LONDON_HL,08:00-11:00,3.0,2,NEXT_OPEN,WICK_EXTREME_1.5P,FIXED_2.5R
V49_7B_0723,LONDON_HL,08:00-11:00,3.0,1,MIDPOINT_STOP,WICK_EXTREME_1.5P,FIXED_1.5R
V49_7B_0724,LONDON_HL,08:00-11:00,1.8,3,MIDPOINT_STOP,WICK_EXTREME_2.0P,FIXED_2.0R
V49_7B_0725,ASIA_HL,07:00-10:00,2.2,1,MIDPOINT_STOP,MICROSTRUCTURE_SAFE,FIXED_2.0R
V49_7B_0726,ASIA_HL,07:00-10:00,2.5,2,NEXT_OPEN,WICK_EXTREME_1.5P,FIXED_2.5R
V49_7B_0727,ASIA_HL,08:00-11:00,2.2,1,MIDPOINT_STOP,WICK_EXTREME_1.5P,FIXED_2.5R
V49_7B_0728,LONDON_HL,08:00-11:00,2.5,3,NEXT_OPEN,WICK_EXTREME_2.0P,FIXED_1.5R
V49_7B_0729,ASIA_HL,08:00-11:00,2.2,2,NEXT_OPEN,WICK_EXTREME_2.0P,FIXED_1.5R
V49_7B_0730,LONDON_HL,08:00-11:00,1.8,1,MIDPOINT_STOP,WICK_EXTREME_2.0P,FIXED_1.5R
V49_7B_0731,LONDON_HL,07:00-10:00,3.0,3,NEXT_OPEN,WICK_EXTREME_2.0P,FIXED_2.0R
V49_7B_0732,LONDON_HL,07:00-10:00,2.2,1,MIDPOINT_STOP,WICK_EXTREME_1.5P,FIXED_1.5R
V49_7B_0733,ASIA_HL,09:00-12:00,1.8,1,MIDPOINT_STOP,WICK_EXTREME_1.5P,FIXED_2.5R
V49_7B_0734,ASIA_HL,07:00-10:00,1.8,1,NEXT_OPEN,MICROSTRUCTURE_SAFE,FIXED_2.5R
V49_7B_0735,LONDON_HL,07:00-10:00,2.5,3,MIDPOINT_STOP,WICK_EXTREME_2.0P,FIXED_2.0R
V49_7B_0736,LONDON_HL,07:00-10:00,3.0,3,MIDPOINT_STOP,WICK_EXTREME_2.0P,FIXED_2.5R
V49_7B_0737,LONDON_HL,09:00-12:00,3.0,3,MIDPOINT_STOP,MICROSTRUCTURE_SAFE,FIXED_2.5R
V49_7B_0738,ASIA_HL,09:00-12:00,3.0,2,NEXT_OPEN,WICK_EXTREME_2.0P,FIXED_2.0R
V49_7B_0739,ASIA_HL,08:00-11:00,2.5,2,NEXT_OPEN,WICK_EXTREME_2.0P,FIXED_2.0R
V49_7B_0740,ASIA_HL,09:00-12:00,1.5,3,MIDPOINT_STOP,WICK_EXTREME_1.5P,FIXED_2.0R
V49_7B_0741,LONDON_HL,07:00-10:00,1.8,2,NEXT_OPEN,MICROSTRUCTURE_SAFE,FIXED_1.5R
V49_7B_0742,ASIA_HL,07:00-10:00,2.2,1,MIDPOINT_STOP,WICK_EXTREME_1.5P,FIXED_2.5R
V49_7B_0743,ASIA_HL,07:00-10:00,2.0,3,NEXT_OPEN,WICK_EXTREME_1.5P,FIXED_2.5R
V49_7B_0744,ASIA_HL,08:00-11:00,1.5,1,MIDPOINT_STOP,WICK_EXTREME_1.5P,FIXED_2.0R
V49_7B_0745,ASIA_HL,07:00-10:00,2.0,1,NEXT_OPEN,MICROSTRUCTURE_SAFE,FIXED_2.0R
V49_7B_0746,ASIA_HL,07:00-10:00,1.5,3,NEXT_OPEN,WICK_EXTREME_2.0P,FIXED_1.5R
V49_7B_0747,ASIA_HL,08:00-11:00,1.5,3,MIDPOINT_STOP,WICK_EXTREME_2.0P,FIXED_2.5R
V49_7B_0748,ASIA_HL,08:00-11:00,1.8,1,NEXT_OPEN,MICROSTRUCTURE_SAFE,FIXED_1.5R
V49_7B_0749,ASIA_HL,07:00-10:00,2.0,3,MIDPOINT_STOP,WICK_EXTREME_2.0P,FIXED_2.5R
V49_7B_0750,ASIA_HL,09:00-12:00,2.0,1,MIDPOINT_STOP,WICK_EXTREME_2.0P,FIXED_1.5R
V49_7B_0751,LONDON_HL,09:00-12:00,3.0,1,MIDPOINT_STOP,WICK_EXTREME_2.0P,FIXED_2.5R
V49_7B_0752,LONDON_HL,08:00-11:00,1.5,1,NEXT_OPEN,WICK_EXTREME_1.5P,FIXED_1.5R
V49_7B_0753,ASIA_HL,07:00-10:00,1.5,3,NEXT_OPEN,WICK_EXTREME_1.5P,FIXED_1.5R
V49_7B_0754,ASIA_HL,08:00-11:00,2.2,1,NEXT_OPEN,WICK_EXTREME_1.5P,FIXED_1.5R
V49_7B_0755,LONDON_HL,07:00-10:00,1.5,1,MIDPOINT_STOP,WICK_EXTREME_1.5P,FIXED_1.5R
V49_7B_0756,LONDON_HL,07:00-10:00,1.8,3,NEXT_OPEN,WICK_EXTREME_1.5P,FIXED_2.0R
V49_7B_0757,ASIA_HL,08:00-11:00,1.5,1,MIDPOINT_STOP,WICK_EXTREME_2.0P,FIXED_2.5R
V49_7B_0758,LONDON_HL,07:00-10:00,2.0,3,NEXT_OPEN,WICK_EXTREME_1.5P,FIXED_1.5R
V49_7B_0759,LONDON_HL,09:00-12:00,2.2,2,MIDPOINT_STOP,WICK_EXTREME_1.5P,FIXED_2.5R
V49_7B_0760,LONDON_HL,08:00-11:00,2.5,1,MIDPOINT_STOP,WICK_EXTREME_1.5P,FIXED_2.0R
V49_7B_0761,ASIA_HL,08:00-11:00,2.5,2,NEXT_OPEN,WICK_EXTREME_2.0P,FIXED_2.5R
V49_7B_0762,ASIA_HL,08:00-11:00,3.0,3,NEXT_OPEN,WICK_EXTREME_1.5P,FIXED_2.5R
V49_7B_0763,ASIA_HL,08:00-11:00,2.0,1,MIDPOINT_STOP,MICROSTRUCTURE_SAFE,FIXED_2.5R
V49_7B_0764,LONDON_HL,09:00-12:00,1.8,2,NEXT_OPEN,WICK_EXTREME_1.5P,FIXED_2.5R
V49_7B_0765,LONDON_HL,07:00-10:00,3.0,3,NEXT_OPEN,WICK_EXTREME_1.5P,FIXED_2.5R
V49_7B_0766,ASIA_HL,07:00-10:00,2.2,3,NEXT_OPEN,WICK_EXTREME_1.5P,FIXED_2.0R
V49_7B_0767,LONDON_HL,07:00-10:00,1.8,2,NEXT_OPEN,WICK_EXTREME_2.0P,FIXED_2.5R
V49_7B_0768,ASIA_HL,09:00-12:00,3.0,1,NEXT_OPEN,MICROSTRUCTURE_SAFE,FIXED_2.5R
V49_7B_0769,ASIA_HL,08:00-11:00,3.0,2,NEXT_OPEN,WICK_EXTREME_2.0P,FIXED_2.0R
V49_7B_0770,LONDON_HL,07:00-10:00,2.0,3,MIDPOINT_STOP,WICK_EXTREME_2.0P,FIXED_1.5R
V49_7B_0771,ASIA_HL,09:00-12:00,3.0,1,NEXT_OPEN,MICROSTRUCTURE_SAFE,FIXED_2.0R
V49_7B_0772,ASIA_HL,08:00-11:00,1.5,2,NEXT_OPEN,WICK_EXTREME_2.0P,FIXED_2.5R
V49_7B_0773,LONDON_HL,07:00-10:00,2.5,1,MIDPOINT_STOP,MICROSTRUCTURE_SAFE,FIXED_2.5R
V49_7B_0774,ASIA_HL,09:00-12:00,1.5,2,MIDPOINT_STOP,WICK_EXTREME_2.0P,FIXED_2.5R
V49_7B_0775,LONDON_HL,07:00-10:00,1.8,3,MIDPOINT_STOP,MICROSTRUCTURE_SAFE,FIXED_2.0R
V49_7B_0776,ASIA_HL,08:00-11:00,3.0,2,MIDPOINT_STOP,MICROSTRUCTURE_SAFE,FIXED_1.5R
V49_7B_0777,LONDON_HL,09:00-12:00,2.5,2,NEXT_OPEN,WICK_EXTREME_1.5P,FIXED_2.0R
V49_7B_0778,ASIA_HL,07:00-10:00,2.2,3,MIDPOINT_STOP,WICK_EXTREME_1.5P,FIXED_2.0R
V49_7B_0779,LONDON_HL,08:00-11:00,2.0,3,MIDPOINT_STOP,MICROSTRUCTURE_SAFE,FIXED_2.5R
V49_7B_0780,ASIA_HL,07:00-10:00,1.8,3,NEXT_OPEN,MICROSTRUCTURE_SAFE,FIXED_2.0R
V49_7B_0781,ASIA_HL,09:00-12:00,1.5,3,NEXT_OPEN,WICK_EXTREME_1.5P,FIXED_2.0R
V49_7B_0782,ASIA_HL,08:00-11:00,2.0,3,MIDPOINT_STOP,WICK_EXTREME_1.5P,FIXED_2.5R
V49_7B_0783,LONDON_HL,07:00-10:00,3.0,3,MIDPOINT_STOP,WICK_EXTREME_1.5P,FIXED_1.5R
V49_7B_0784,LONDON_HL,07:00-10:00,1.8,3,NEXT_OPEN,MICROSTRUCTURE_SAFE,FIXED_1.5R
V49_7B_0785,LONDON_HL,07:00-10:00,2.0,3,MIDPOINT_STOP,MICROSTRUCTURE_SAFE,FIXED_2.5R
V49_7B_0786,ASIA_HL,08:00-11:00,1.5,2,NEXT_OPEN,MICROSTRUCTURE_SAFE,FIXED_2.0R
V49_7B_0787,LONDON_HL,07:00-10:00,2.0,2,NEXT_OPEN,MICROSTRUCTURE_SAFE,FIXED_2.5R
V49_7B_0788,ASIA_HL,09:00-12:00,1.8,3,MIDPOINT_STOP,WICK_EXTREME_2.0P,FIXED_2.0R
V49_7B_0789,ASIA_HL,07:00-10:00,2.5,2,NEXT_OPEN,WICK_EXTREME_2.0P,FIXED_1.5R
V49_7B_0790,ASIA_HL,08:00-11:00,1.5,3,NEXT_OPEN,WICK_EXTREME_2.0P,FIXED_1.5R
V49_7B_0791,ASIA_HL,08:00-11:00,1.8,2,NEXT_OPEN,WICK_EXTREME_1.5P,FIXED_2.5R
V49_7B_0792,LONDON_HL,09:00-12:00,1.5,1,MIDPOINT_STOP,WICK_EXTREME_1.5P,FIXED_1.5R
V49_7B_0793,LONDON_HL,07:00-10:00,3.0,2,MIDPOINT_STOP,WICK_EXTREME_1.5P,FIXED_1.5R
V49_7B_0794,ASIA_HL,09:00-12:00,2.2,3,MIDPOINT_STOP,MICROSTRUCTURE_SAFE,FIXED_2.5R
V49_7B_0795,ASIA_HL,08:00-11:00,2.0,1,NEXT_OPEN,MICROSTRUCTURE_SAFE,FIXED_2.0R
V49_7B_0796,ASIA_HL,07:00-10:00,1.5,1,NEXT_OPEN,MICROSTRUCTURE_SAFE,FIXED_1.5R
V49_7B_0797,LONDON_HL,07:00-10:00,1.8,1,NEXT_OPEN,MICROSTRUCTURE_SAFE,FIXED_2.5R
V49_7B_0798,LONDON_HL,08:00-11:00,3.0,2,MIDPOINT_STOP,MICROSTRUCTURE_SAFE,FIXED_2.5R
V49_7B_0799,LONDON_HL,07:00-10:00,1.8,3,NEXT_OPEN,WICK_EXTREME_1.5P,FIXED_2.5R
V49_7B_0800,LONDON_HL,08:00-11:00,1.8,2,NEXT_OPEN,MICROSTRUCTURE_SAFE,FIXED_2.5R
